sp.gen,Date,Reef,Lmeas,Count,Common.x,a.final,b.final,Common.y,Lmax,Linf,k,Diet,Position
Abudefduf saxatilis,4/27/23,LH4,14,1,sergeant major,0.0227,3.142,sergeant major,22.9,18.9,0.85,Plktiv,BtPlDw
Abudefduf saxatilis,7/7/22,LH6,11,1,sergeant major,0.0227,3.142,sergeant major,22.9,18.9,0.85,Plktiv,BtPlDw
Abudefduf saxatilis,5/2/22,LH2,7,1,sergeant major,0.0227,3.142,sergeant major,22.9,18.9,0.85,Plktiv,BtPlDw
Abudefduf saxatilis,5/16/22,LH6,14,1,sergeant major,0.0227,3.142,sergeant major,22.9,18.9,0.85,Plktiv,BtPlDw
Abudefduf saxatilis,1/12/10,5,5.6,1,sergeant major,0.0227,3.142,sergeant major,22.9,18.9,0.85,Plktiv,BtPlDw
Abudefduf saxatilis,6/22/18,H4,6,1,sergeant major,0.0227,3.142,sergeant major,22.9,18.9,0.85,Plktiv,BtPlDw
Abudefduf saxatilis,12/20/21,LH5,14,1,sergeant major,0.0227,3.142,sergeant major,22.9,18.9,0.85,Plktiv,BtPlDw
Abudefduf saxatilis,7/7/22,LH2,10,1,sergeant major,0.0227,3.142,sergeant major,22.9,18.9,0.85,Plktiv,BtPlDw
Abudefduf saxatilis,12/31/22,LH4,17,2,sergeant major,0.0227,3.142,sergeant major,22.9,18.9,0.85,Plktiv,BtPlDw
Abudefduf saxatilis,12/24/22,LH4,14,1,sergeant major,0.0227,3.142,sergeant major,22.9,18.9,0.85,Plktiv,BtPlDw
Abudefduf saxatilis,7/7/22,LH5,11,1,sergeant major,0.0227,3.142,sergeant major,22.9,18.9,0.85,Plktiv,BtPlDw
Abudefduf saxatilis,8/15/10,13,4.48,1,sergeant major,0.0227,3.142,sergeant major,22.9,18.9,0.85,Plktiv,BtPlDw
Abudefduf saxatilis,5/2/22,LH6,6,1,sergeant major,0.0227,3.142,sergeant major,22.9,18.9,0.85,Plktiv,BtPlDw
Abudefduf saxatilis,7/7/22,LH4,13,1,sergeant major,0.0227,3.142,sergeant major,22.9,18.9,0.85,Plktiv,BtPlDw
Abudefduf saxatilis,3/2/22,LH5,10,1,sergeant major,0.0227,3.142,sergeant major,22.9,18.9,0.85,Plktiv,BtPlDw
Abudefduf saxatilis,5/23/10,14,5.6,1,sergeant major,0.0227,3.142,sergeant major,22.9,18.9,0.85,Plktiv,BtPlDw
Abudefduf saxatilis,8/15/10,10,2.24,1,sergeant major,0.0227,3.142,sergeant major,22.9,18.9,0.85,Plktiv,BtPlDw
Abudefduf saxatilis,7/7/22,LH4,13,2,sergeant major,0.0227,3.142,sergeant major,22.9,18.9,0.85,Plktiv,BtPlDw
Abudefduf saxatilis,12/10/10,14,6.72,1,sergeant major,0.0227,3.142,sergeant major,22.9,18.9,0.85,Plktiv,BtPlDw
Abudefduf saxatilis,7/7/22,LH2,11,1,sergeant major,0.0227,3.142,sergeant major,22.9,18.9,0.85,Plktiv,BtPlDw
Abudefduf saxatilis,3/14/10,13,4.48,1,sergeant major,0.0227,3.142,sergeant major,22.9,18.9,0.85,Plktiv,BtPlDw
Abudefduf saxatilis,3/1/22,LH5,6,1,sergeant major,0.0227,3.142,sergeant major,22.9,18.9,0.85,Plktiv,BtPlDw
Abudefduf saxatilis,5/23/10,14,6.72,2,sergeant major,0.0227,3.142,sergeant major,22.9,18.9,0.85,Plktiv,BtPlDw
Abudefduf saxatilis,4/25/23,LH4,13,1,sergeant major,0.0227,3.142,sergeant major,22.9,18.9,0.85,Plktiv,BtPlDw
Abudefduf saxatilis,5/27/22,LH4,11,1,sergeant major,0.0227,3.142,sergeant major,22.9,18.9,0.85,Plktiv,BtPlDw
Abudefduf saxatilis,2/28/22,LH6,14,2,sergeant major,0.0227,3.142,sergeant major,22.9,18.9,0.85,Plktiv,BtPlDw
Abudefduf saxatilis,7/7/22,LH3,11,1,sergeant major,0.0227,3.142,sergeant major,22.9,18.9,0.85,Plktiv,BtPlDw
Abudefduf saxatilis,5/2/22,LH5,8,1,sergeant major,0.0227,3.142,sergeant major,22.9,18.9,0.85,Plktiv,BtPlDw
Abudefduf saxatilis,2/28/22,LH4,14,1,sergeant major,0.0227,3.142,sergeant major,22.9,18.9,0.85,Plktiv,BtPlDw
Abudefduf saxatilis,12/10/10,11,4.48,1,sergeant major,0.0227,3.142,sergeant major,22.9,18.9,0.85,Plktiv,BtPlDw
Abudefduf saxatilis,6/22/18,H2,6,1,sergeant major,0.0227,3.142,sergeant major,22.9,18.9,0.85,Plktiv,BtPlDw
Abudefduf saxatilis,7/7/22,LH6,12,2,sergeant major,0.0227,3.142,sergeant major,22.9,18.9,0.85,Plktiv,BtPlDw
Abudefduf saxatilis,7/7/22,LH3,13,1,sergeant major,0.0227,3.142,sergeant major,22.9,18.9,0.85,Plktiv,BtPlDw
Abudefduf saxatilis,5/27/22,LH4,14,1,sergeant major,0.0227,3.142,sergeant major,22.9,18.9,0.85,Plktiv,BtPlDw
Abudefduf saxatilis,5/27/22,LH4,13,1,sergeant major,0.0227,3.142,sergeant major,22.9,18.9,0.85,Plktiv,BtPlDw
Abudefduf saxatilis,5/23/10,13,6.72,1,sergeant major,0.0227,3.142,sergeant major,22.9,18.9,0.85,Plktiv,BtPlDw
Abudefduf saxatilis,2/28/22,LH4,13,1,sergeant major,0.0227,3.142,sergeant major,22.9,18.9,0.85,Plktiv,BtPlDw
Abudefduf saxatilis,4/25/23,LH4,14,1,sergeant major,0.0227,3.142,sergeant major,22.9,18.9,0.85,Plktiv,BtPlDw
Abudefduf saxatilis,5/16/22,LH5,11,1,sergeant major,0.0227,3.142,sergeant major,22.9,18.9,0.85,Plktiv,BtPlDw
Abudefduf saxatilis,5/27/22,LH2,10,1,sergeant major,0.0227,3.142,sergeant major,22.9,18.9,0.85,Plktiv,BtPlDw
Abudefduf saxatilis,2/28/22,LH6,9,2,sergeant major,0.0227,3.142,sergeant major,22.9,18.9,0.85,Plktiv,BtPlDw
Abudefduf saxatilis,5/2/22,LH6,14,1,sergeant major,0.0227,3.142,sergeant major,22.9,18.9,0.85,Plktiv,BtPlDw
Abudefduf saxatilis,4/21/23,LH5,13,1,sergeant major,0.0227,3.142,sergeant major,22.9,18.9,0.85,Plktiv,BtPlDw
Abudefduf saxatilis,4/21/23,LH5,14,2,sergeant major,0.0227,3.142,sergeant major,22.9,18.9,0.85,Plktiv,BtPlDw
Abudefduf saxatilis,7/7/22,LH4,14,1,sergeant major,0.0227,3.142,sergeant major,22.9,18.9,0.85,Plktiv,BtPlDw
Abudefduf saxatilis,12/24/22,LH4,12,2,sergeant major,0.0227,3.142,sergeant major,22.9,18.9,0.85,Plktiv,BtPlDw
Abudefduf saxatilis,12/31/22,LH6,17,2,sergeant major,0.0227,3.142,sergeant major,22.9,18.9,0.85,Plktiv,BtPlDw
Abudefduf saxatilis,5/16/22,LH4,9,1,sergeant major,0.0227,3.142,sergeant major,22.9,18.9,0.85,Plktiv,BtPlDw
Abudefduf saxatilis,2/28/22,LH6,12,1,sergeant major,0.0227,3.142,sergeant major,22.9,18.9,0.85,Plktiv,BtPlDw
Abudefduf saxatilis,12/31/22,LH4,4,1,sergeant major,0.0227,3.142,sergeant major,22.9,18.9,0.85,Plktiv,BtPlDw
Abudefduf saxatilis,5/16/22,LH5,10,1,sergeant major,0.0227,3.142,sergeant major,22.9,18.9,0.85,Plktiv,BtPlDw
Abudefduf saxatilis,5/27/22,LH4,15,1,sergeant major,0.0227,3.142,sergeant major,22.9,18.9,0.85,Plktiv,BtPlDw
Abudefduf saxatilis,4/27/23,LH4,13,2,sergeant major,0.0227,3.142,sergeant major,22.9,18.9,0.85,Plktiv,BtPlDw
Abudefduf saxatilis,4/21/23,LH4,16,2,sergeant major,0.0227,3.142,sergeant major,22.9,18.9,0.85,Plktiv,BtPlDw
Abudefduf saxatilis,3/1/22,LH4,14,1,sergeant major,0.0227,3.142,sergeant major,22.9,18.9,0.85,Plktiv,BtPlDw
Abudefduf saxatilis,3/14/10,14,7.84,1,sergeant major,0.0227,3.142,sergeant major,22.9,18.9,0.85,Plktiv,BtPlDw
Abudefduf saxatilis,7/7/22,LH6,10,2,sergeant major,0.0227,3.142,sergeant major,22.9,18.9,0.85,Plktiv,BtPlDw
Abudefduf saxatilis,4/25/23,LH4,12,1,sergeant major,0.0227,3.142,sergeant major,22.9,18.9,0.85,Plktiv,BtPlDw
Abudefduf saxatilis,5/24/17,LH1,10,1,sergeant major,0.0227,3.142,sergeant major,22.9,18.9,0.85,Plktiv,BtPlDw
Abudefduf saxatilis,1/13/10,10,11.2,1,sergeant major,0.0227,3.142,sergeant major,22.9,18.9,0.85,Plktiv,BtPlDw
Abudefduf saxatilis,5/2/22,LH6,8,1,sergeant major,0.0227,3.142,sergeant major,22.9,18.9,0.85,Plktiv,BtPlDw
Abudefduf saxatilis,3/2/22,LH4,14,1,sergeant major,0.0227,3.142,sergeant major,22.9,18.9,0.85,Plktiv,BtPlDw
Abudefduf saxatilis,12/24/22,LH5,13,1,sergeant major,0.0227,3.142,sergeant major,22.9,18.9,0.85,Plktiv,BtPlDw
Abudefduf saxatilis,5/2/22,LH4,13,1,sergeant major,0.0227,3.142,sergeant major,22.9,18.9,0.85,Plktiv,BtPlDw
Abudefduf saxatilis,5/2/22,LH4,15,1,sergeant major,0.0227,3.142,sergeant major,22.9,18.9,0.85,Plktiv,BtPlDw
Abudefduf saxatilis,7/7/22,LH4,15,1,sergeant major,0.0227,3.142,sergeant major,22.9,18.9,0.85,Plktiv,BtPlDw
Abudefduf saxatilis,2/28/22,LH4,14,1,sergeant major,0.0227,3.142,sergeant major,22.9,18.9,0.85,Plktiv,BtPlDw
Abudefduf saxatilis,4/29/10,14,11.2,1,sergeant major,0.0227,3.142,sergeant major,22.9,18.9,0.85,Plktiv,BtPlDw
Abudefduf saxatilis,5/27/17,LH3,8,1,sergeant major,0.0227,3.142,sergeant major,22.9,18.9,0.85,Plktiv,BtPlDw
Abudefduf saxatilis,5/1/11,13,5.6,1,sergeant major,0.0227,3.142,sergeant major,22.9,18.9,0.85,Plktiv,BtPlDw
Abudefduf saxatilis,12/24/22,LH5,12,1,sergeant major,0.0227,3.142,sergeant major,22.9,18.9,0.85,Plktiv,BtPlDw
Abudefduf saxatilis,5/22/16,H4,9,1,sergeant major,0.0227,3.142,sergeant major,22.9,18.9,0.85,Plktiv,BtPlDw
Abudefduf saxatilis,12/13/21,LH5,13,1,sergeant major,0.0227,3.142,sergeant major,22.9,18.9,0.85,Plktiv,BtPlDw
Abudefduf saxatilis,5/16/22,LH4,12,1,sergeant major,0.0227,3.142,sergeant major,22.9,18.9,0.85,Plktiv,BtPlDw
Abudefduf saxatilis,3/14/10,5,7.84,1,sergeant major,0.0227,3.142,sergeant major,22.9,18.9,0.85,Plktiv,BtPlDw
Abudefduf saxatilis,7/7/22,LH5,10,2,sergeant major,0.0227,3.142,sergeant major,22.9,18.9,0.85,Plktiv,BtPlDw
Abudefduf saxatilis,3/2/22,LH5,14,1,sergeant major,0.0227,3.142,sergeant major,22.9,18.9,0.85,Plktiv,BtPlDw
Abudefduf saxatilis,12/10/10,11,6.72,1,sergeant major,0.0227,3.142,sergeant major,22.9,18.9,0.85,Plktiv,BtPlDw
Abudefduf saxatilis,5/16/22,LH2,6,1,sergeant major,0.0227,3.142,sergeant major,22.9,18.9,0.85,Plktiv,BtPlDw
Abudefduf saxatilis,8/1/11,13,11.2,2,sergeant major,0.0227,3.142,sergeant major,22.9,18.9,0.85,Plktiv,BtPlDw
Abudefduf saxatilis,5/1/11,13,3.36,1,sergeant major,0.0227,3.142,sergeant major,22.9,18.9,0.85,Plktiv,BtPlDw
Abudefduf saxatilis,4/27/23,LH4,12,1,sergeant major,0.0227,3.142,sergeant major,22.9,18.9,0.85,Plktiv,BtPlDw
Abudefduf saxatilis,4/21/23,LH6,12,1,sergeant major,0.0227,3.142,sergeant major,22.9,18.9,0.85,Plktiv,BtPlDw
Abudefduf saxatilis,4/25/23,LH5,13,1,sergeant major,0.0227,3.142,sergeant major,22.9,18.9,0.85,Plktiv,BtPlDw
Abudefduf saxatilis,6/17/18,HCR2-Clock A,12,2,sergeant major,0.0227,3.142,sergeant major,22.9,18.9,0.85,Plktiv,BtPlDw
Abudefduf saxatilis,5/16/22,LH6,13,2,sergeant major,0.0227,3.142,sergeant major,22.9,18.9,0.85,Plktiv,BtPlDw
Abudefduf saxatilis,5/16/22,LH4,12,1,sergeant major,0.0227,3.142,sergeant major,22.9,18.9,0.85,Plktiv,BtPlDw
Abudefduf saxatilis,4/21/23,LH4,14,2,sergeant major,0.0227,3.142,sergeant major,22.9,18.9,0.85,Plktiv,BtPlDw
Abudefduf saxatilis,4/25/23,LH4,15,1,sergeant major,0.0227,3.142,sergeant major,22.9,18.9,0.85,Plktiv,BtPlDw
Abudefduf saxatilis,4/23/10,13,8.96,1,sergeant major,0.0227,3.142,sergeant major,22.9,18.9,0.85,Plktiv,BtPlDw
Abudefduf saxatilis,5/1/11,13,10.08,1,sergeant major,0.0227,3.142,sergeant major,22.9,18.9,0.85,Plktiv,BtPlDw
Abudefduf saxatilis,12/10/10,13,6.72,1,sergeant major,0.0227,3.142,sergeant major,22.9,18.9,0.85,Plktiv,BtPlDw
Abudefduf saxatilis,5/27/22,LH6,8,1,sergeant major,0.0227,3.142,sergeant major,22.9,18.9,0.85,Plktiv,BtPlDw
Abudefduf saxatilis,7/7/22,LH6,10,2,sergeant major,0.0227,3.142,sergeant major,22.9,18.9,0.85,Plktiv,BtPlDw
Abudefduf saxatilis,4/24/23,LH4,14,1,sergeant major,0.0227,3.142,sergeant major,22.9,18.9,0.85,Plktiv,BtPlDw
Abudefduf saxatilis,12/31/22,LH5,15,2,sergeant major,0.0227,3.142,sergeant major,22.9,18.9,0.85,Plktiv,BtPlDw
Abudefduf saxatilis,5/27/22,LH5,12,1,sergeant major,0.0227,3.142,sergeant major,22.9,18.9,0.85,Plktiv,BtPlDw
Abudefduf saxatilis,12/24/22,LH4,15,1,sergeant major,0.0227,3.142,sergeant major,22.9,18.9,0.85,Plktiv,BtPlDw
Abudefduf saxatilis,5/16/22,LH3,7,1,sergeant major,0.0227,3.142,sergeant major,22.9,18.9,0.85,Plktiv,BtPlDw
Abudefduf saxatilis,3/1/22,LH5,12,1,sergeant major,0.0227,3.142,sergeant major,22.9,18.9,0.85,Plktiv,BtPlDw
Abudefduf saxatilis,8/15/10,13,5.6,1,sergeant major,0.0227,3.142,sergeant major,22.9,18.9,0.85,Plktiv,BtPlDw
Abudefduf saxatilis,8/1/11,13,8.96,1,sergeant major,0.0227,3.142,sergeant major,22.9,18.9,0.85,Plktiv,BtPlDw
Abudefduf saxatilis,4/21/23,LH6,13,1,sergeant major,0.0227,3.142,sergeant major,22.9,18.9,0.85,Plktiv,BtPlDw
Abudefduf saxatilis,5/16/22,LH6,10,2,sergeant major,0.0227,3.142,sergeant major,22.9,18.9,0.85,Plktiv,BtPlDw
Abudefduf saxatilis,5/2/22,LH3,9,1,sergeant major,0.0227,3.142,sergeant major,22.9,18.9,0.85,Plktiv,BtPlDw
Abudefduf saxatilis,8/1/11,10,6.72,1,sergeant major,0.0227,3.142,sergeant major,22.9,18.9,0.85,Plktiv,BtPlDw
Abudefduf saxatilis,5/16/22,LH5,12,1,sergeant major,0.0227,3.142,sergeant major,22.9,18.9,0.85,Plktiv,BtPlDw
Abudefduf saxatilis,3/2/22,LH4,12,1,sergeant major,0.0227,3.142,sergeant major,22.9,18.9,0.85,Plktiv,BtPlDw
Abudefduf saxatilis,5/16/22,LH4,14,1,sergeant major,0.0227,3.142,sergeant major,22.9,18.9,0.85,Plktiv,BtPlDw
Abudefduf saxatilis,3/1/22,LH4,14,1,sergeant major,0.0227,3.142,sergeant major,22.9,18.9,0.85,Plktiv,BtPlDw
Abudefduf saxatilis,1/13/10,10,12.32,1,sergeant major,0.0227,3.142,sergeant major,22.9,18.9,0.85,Plktiv,BtPlDw
Abudefduf saxatilis,5/27/22,LH3,13,2,sergeant major,0.0227,3.142,sergeant major,22.9,18.9,0.85,Plktiv,BtPlDw
Abudefduf saxatilis,12/20/21,LH4,16,1,sergeant major,0.0227,3.142,sergeant major,22.9,18.9,0.85,Plktiv,BtPlDw
Abudefduf saxatilis,5/27/22,LH6,13,1,sergeant major,0.0227,3.142,sergeant major,22.9,18.9,0.85,Plktiv,BtPlDw
Abudefduf saxatilis,7/2/23,LH4,14,1,sergeant major,0.0227,3.142,sergeant major,22.9,18.9,0.85,Plktiv,BtPlDw
Abudefduf saxatilis,12/24/22,LH4,16,2,sergeant major,0.0227,3.142,sergeant major,22.9,18.9,0.85,Plktiv,BtPlDw
Abudefduf saxatilis,5/2/22,LH4,10,1,sergeant major,0.0227,3.142,sergeant major,22.9,18.9,0.85,Plktiv,BtPlDw
Abudefduf saxatilis,5/2/22,LH6,10,1,sergeant major,0.0227,3.142,sergeant major,22.9,18.9,0.85,Plktiv,BtPlDw
Abudefduf saxatilis,12/31/22,LH6,16,2,sergeant major,0.0227,3.142,sergeant major,22.9,18.9,0.85,Plktiv,BtPlDw
Abudefduf saxatilis,5/16/22,LH3,8,1,sergeant major,0.0227,3.142,sergeant major,22.9,18.9,0.85,Plktiv,BtPlDw
Abudefduf saxatilis,4/29/10,14,8.96,2,sergeant major,0.0227,3.142,sergeant major,22.9,18.9,0.85,Plktiv,BtPlDw
Abudefduf saxatilis,5/27/22,LH4,13,1,sergeant major,0.0227,3.142,sergeant major,22.9,18.9,0.85,Plktiv,BtPlDw
Abudefduf saxatilis,5/27/22,LH5,15,1,sergeant major,0.0227,3.142,sergeant major,22.9,18.9,0.85,Plktiv,BtPlDw
Abudefduf saxatilis,12/20/21,LH4,14,2,sergeant major,0.0227,3.142,sergeant major,22.9,18.9,0.85,Plktiv,BtPlDw
Abudefduf saxatilis,8/15/10,10,4.48,2,sergeant major,0.0227,3.142,sergeant major,22.9,18.9,0.85,Plktiv,BtPlDw
Abudefduf saxatilis,7/7/22,LH5,8,1,sergeant major,0.0227,3.142,sergeant major,22.9,18.9,0.85,Plktiv,BtPlDw
Abudefduf saxatilis,5/27/22,LH6,6,1,sergeant major,0.0227,3.142,sergeant major,22.9,18.9,0.85,Plktiv,BtPlDw
Abudefduf saxatilis,5/27/22,LH6,10,1,sergeant major,0.0227,3.142,sergeant major,22.9,18.9,0.85,Plktiv,BtPlDw
Abudefduf saxatilis,5/10/16,SC,6,1,sergeant major,0.0227,3.142,sergeant major,22.9,18.9,0.85,Plktiv,BtPlDw
Abudefduf saxatilis,1/13/10,14,12.32,1,sergeant major,0.0227,3.142,sergeant major,22.9,18.9,0.85,Plktiv,BtPlDw
Abudefduf saxatilis,7/2/23,LH5,11,2,sergeant major,0.0227,3.142,sergeant major,22.9,18.9,0.85,Plktiv,BtPlDw
Abudefduf saxatilis,7/2/23,LH4,13,1,sergeant major,0.0227,3.142,sergeant major,22.9,18.9,0.85,Plktiv,BtPlDw
Abudefduf saxatilis,6/17/18,HCR2-Busted,11,1,sergeant major,0.0227,3.142,sergeant major,22.9,18.9,0.85,Plktiv,BtPlDw
Abudefduf saxatilis,5/16/22,LH2,7,1,sergeant major,0.0227,3.142,sergeant major,22.9,18.9,0.85,Plktiv,BtPlDw
Abudefduf saxatilis,7/2/23,LH4,12,1,sergeant major,0.0227,3.142,sergeant major,22.9,18.9,0.85,Plktiv,BtPlDw
Abudefduf saxatilis,6/17/18,HCR2-Busted,14,1,sergeant major,0.0227,3.142,sergeant major,22.9,18.9,0.85,Plktiv,BtPlDw
Abudefduf saxatilis,12/31/22,LH4,15,1,sergeant major,0.0227,3.142,sergeant major,22.9,18.9,0.85,Plktiv,BtPlDw
Abudefduf saxatilis,4/27/23,LH4,15,1,sergeant major,0.0227,3.142,sergeant major,22.9,18.9,0.85,Plktiv,BtPlDw
Abudefduf saxatilis,7/7/22,LH3,10,1,sergeant major,0.0227,3.142,sergeant major,22.9,18.9,0.85,Plktiv,BtPlDw
Abudefduf saxatilis,4/21/23,LH3,13,1,sergeant major,0.0227,3.142,sergeant major,22.9,18.9,0.85,Plktiv,BtPlDw
Abudefduf saxatilis,7/7/22,LH6,13,1,sergeant major,0.0227,3.142,sergeant major,22.9,18.9,0.85,Plktiv,BtPlDw
Abudefduf saxatilis,1/12/10,5,12.32,1,sergeant major,0.0227,3.142,sergeant major,22.9,18.9,0.85,Plktiv,BtPlDw
Abudefduf saxatilis,1/13/10,11,10.08,1,sergeant major,0.0227,3.142,sergeant major,22.9,18.9,0.85,Plktiv,BtPlDw
Abudefduf saxatilis,5/24/17,LH1,11,1,sergeant major,0.0227,3.142,sergeant major,22.9,18.9,0.85,Plktiv,BtPlDw
Abudefduf saxatilis,1/12/10,5,10.08,1,sergeant major,0.0227,3.142,sergeant major,22.9,18.9,0.85,Plktiv,BtPlDw
Abudefduf saxatilis,12/31/22,LH6,15,1,sergeant major,0.0227,3.142,sergeant major,22.9,18.9,0.85,Plktiv,BtPlDw
Abudefduf saxatilis,4/21/23,LH1,13,1,sergeant major,0.0227,3.142,sergeant major,22.9,18.9,0.85,Plktiv,BtPlDw
Abudefduf saxatilis,7/7/22,LH5,14,1,sergeant major,0.0227,3.142,sergeant major,22.9,18.9,0.85,Plktiv,BtPlDw
Abudefduf saxatilis,4/21/23,LH6,15,2,sergeant major,0.0227,3.142,sergeant major,22.9,18.9,0.85,Plktiv,BtPlDw
Abudefduf saxatilis,5/21/18,LH3,14,1,sergeant major,0.0227,3.142,sergeant major,22.9,18.9,0.85,Plktiv,BtPlDw
Abudefduf saxatilis,7/7/22,LH6,9,1,sergeant major,0.0227,3.142,sergeant major,22.9,18.9,0.85,Plktiv,BtPlDw
Abudefduf saxatilis,5/1/11,10,6.72,1,sergeant major,0.0227,3.142,sergeant major,22.9,18.9,0.85,Plktiv,BtPlDw
Abudefduf saxatilis,5/16/22,LH4,13,1,sergeant major,0.0227,3.142,sergeant major,22.9,18.9,0.85,Plktiv,BtPlDw
Abudefduf saxatilis,2/28/22,LH3,8,1,sergeant major,0.0227,3.142,sergeant major,22.9,18.9,0.85,Plktiv,BtPlDw
Abudefduf saxatilis,8/15/10,19,2.24,1,sergeant major,0.0227,3.142,sergeant major,22.9,18.9,0.85,Plktiv,BtPlDw
Abudefduf saxatilis,5/2/22,LH5,11,1,sergeant major,0.0227,3.142,sergeant major,22.9,18.9,0.85,Plktiv,BtPlDw
Abudefduf saxatilis,12/24/22,LH5,14,2,sergeant major,0.0227,3.142,sergeant major,22.9,18.9,0.85,Plktiv,BtPlDw
Abudefduf saxatilis,4/29/10,14,12.32,1,sergeant major,0.0227,3.142,sergeant major,22.9,18.9,0.85,Plktiv,BtPlDw
Abudefduf saxatilis,4/21/23,LH4,12,1,sergeant major,0.0227,3.142,sergeant major,22.9,18.9,0.85,Plktiv,BtPlDw
Abudefduf saxatilis,12/10/10,11,5.6,1,sergeant major,0.0227,3.142,sergeant major,22.9,18.9,0.85,Plktiv,BtPlDw
Abudefduf saxatilis,4/24/23,LH4,12,1,sergeant major,0.0227,3.142,sergeant major,22.9,18.9,0.85,Plktiv,BtPlDw
Abudefduf saxatilis,5/1/11,13,6.72,1,sergeant major,0.0227,3.142,sergeant major,22.9,18.9,0.85,Plktiv,BtPlDw
Abudefduf saxatilis,6/17/18,HCR2-Clock A,14,1,sergeant major,0.0227,3.142,sergeant major,22.9,18.9,0.85,Plktiv,BtPlDw
Abudefduf saxatilis,12/31/22,LH5,17,1,sergeant major,0.0227,3.142,sergeant major,22.9,18.9,0.85,Plktiv,BtPlDw
Abudefduf saxatilis,5/27/22,LH6,15,3,sergeant major,0.0227,3.142,sergeant major,22.9,18.9,0.85,Plktiv,BtPlDw
Acanthurus bahianus,6/9/13,1d,14,1,surgeonfish,0.0236,2.975,surgeonfish,21,21,1.2,HerDet,BtPlDw
Acanthurus bahianus,5/1/11,6,10.56,1,surgeonfish,0.0236,2.975,surgeonfish,21,21,1.2,HerDet,BtPlDw
Acanthurus bahianus,12/10/10,8,6.6,1,surgeonfish,0.0236,2.975,surgeonfish,21,21,1.2,HerDet,BtPlDw
Acanthurus bahianus,8/15/10,18,17.16,1,surgeonfish,0.0236,2.975,surgeonfish,21,21,1.2,HerDet,BtPlDw
Acanthurus bahianus,5/23/10,14,13.2,1,surgeonfish,0.0236,2.975,surgeonfish,21,21,1.2,HerDet,BtPlDw
Acanthurus bahianus,12/10/10,11,5.28,1,surgeonfish,0.0236,2.975,surgeonfish,21,21,1.2,HerDet,BtPlDw
Acanthurus bahianus,3/14/10,18,13.2,1,surgeonfish,0.0236,2.975,surgeonfish,21,21,1.2,HerDet,BtPlDw
Acanthurus bahianus,8/1/11,6,11.88,1,surgeonfish,0.0236,2.975,surgeonfish,21,21,1.2,HerDet,BtPlDw
Acanthurus bahianus,6/17/18,HCR2-Busted,10,1,surgeonfish,0.0236,2.975,surgeonfish,21,21,1.2,HerDet,BtPlDw
Acanthurus bahianus,6/22/18,H4,6,1,surgeonfish,0.0236,2.975,surgeonfish,21,21,1.2,HerDet,BtPlDw
Acanthurus bahianus,5/1/11,11,15.84,1,surgeonfish,0.0236,2.975,surgeonfish,21,21,1.2,HerDet,BtPlDw
Acanthurus bahianus,12/10/10,9,15.84,1,surgeonfish,0.0236,2.975,surgeonfish,21,21,1.2,HerDet,BtPlDw
Acanthurus bahianus,5/20/18,MOW3,21,3,surgeonfish,0.0236,2.975,surgeonfish,21,21,1.2,HerDet,BtPlDw
Acanthurus bahianus,5/26/13,1b,7,1,surgeonfish,0.0236,2.975,surgeonfish,21,21,1.2,HerDet,BtPlDw
Acanthurus bahianus,8/15/10,17,6.6,2,surgeonfish,0.0236,2.975,surgeonfish,21,21,1.2,HerDet,BtPlDw
Acanthurus bahianus,5/23/10,9,9.24,1,surgeonfish,0.0236,2.975,surgeonfish,21,21,1.2,HerDet,BtPlDw
Acanthurus bahianus,8/15/10,9,9.24,1,surgeonfish,0.0236,2.975,surgeonfish,21,21,1.2,HerDet,BtPlDw
Acanthurus bahianus,6/9/13,3d,13,1,surgeonfish,0.0236,2.975,surgeonfish,21,21,1.2,HerDet,BtPlDw
Acanthurus bahianus,3/14/10,11,11.88,1,surgeonfish,0.0236,2.975,surgeonfish,21,21,1.2,HerDet,BtPlDw
Acanthurus bahianus,12/10/10,2,11.88,3,surgeonfish,0.0236,2.975,surgeonfish,21,21,1.2,HerDet,BtPlDw
Acanthurus bahianus,12/10/10,17,3.96,1,surgeonfish,0.0236,2.975,surgeonfish,21,21,1.2,HerDet,BtPlDw
Acanthurus bahianus,8/1/11,19,5.28,1,surgeonfish,0.0236,2.975,surgeonfish,21,21,1.2,HerDet,BtPlDw
Acanthurus bahianus,5/26/13,4b,10,1,surgeonfish,0.0236,2.975,surgeonfish,21,21,1.2,HerDet,BtPlDw
Acanthurus bahianus,5/26/13,4d,12,2,surgeonfish,0.0236,2.975,surgeonfish,21,21,1.2,HerDet,BtPlDw
Acanthurus bahianus,5/26/13,2d,7,1,surgeonfish,0.0236,2.975,surgeonfish,21,21,1.2,HerDet,BtPlDw
Acanthurus bahianus,5/26/13,1d,16,1,surgeonfish,0.0236,2.975,surgeonfish,21,21,1.2,HerDet,BtPlDw
Acanthurus bahianus,4/22/10,18,13.2,2,surgeonfish,0.0236,2.975,surgeonfish,21,21,1.2,HerDet,BtPlDw
Acanthurus bahianus,6/9/13,2a,3,1,surgeonfish,0.0236,2.975,surgeonfish,21,21,1.2,HerDet,BtPlDw
Acanthurus bahianus,8/15/10,11,10.56,2,surgeonfish,0.0236,2.975,surgeonfish,21,21,1.2,HerDet,BtPlDw
Acanthurus bahianus,5/1/11,1,15.84,1,surgeonfish,0.0236,2.975,surgeonfish,21,21,1.2,HerDet,BtPlDw
Acanthurus bahianus,5/26/13,2d,10,1,surgeonfish,0.0236,2.975,surgeonfish,21,21,1.2,HerDet,BtPlDw
Acanthurus bahianus,8/15/10,8,9.24,3,surgeonfish,0.0236,2.975,surgeonfish,21,21,1.2,HerDet,BtPlDw
Acanthurus bahianus,5/1/11,11,7.92,1,surgeonfish,0.0236,2.975,surgeonfish,21,21,1.2,HerDet,BtPlDw
Acanthurus bahianus,12/10/10,9,5.28,1,surgeonfish,0.0236,2.975,surgeonfish,21,21,1.2,HerDet,BtPlDw
Acanthurus bahianus,3/14/10,11,13.2,1,surgeonfish,0.0236,2.975,surgeonfish,21,21,1.2,HerDet,BtPlDw
Acanthurus bahianus,12/10/10,11,9.24,1,surgeonfish,0.0236,2.975,surgeonfish,21,21,1.2,HerDet,BtPlDw
Acanthurus bahianus,12/10/10,8,39.6,1,surgeonfish,0.0236,2.975,surgeonfish,21,21,1.2,HerDet,BtPlDw
Acanthurus bahianus,5/23/10,18,15.84,1,surgeonfish,0.0236,2.975,surgeonfish,21,21,1.2,HerDet,BtPlDw
Acanthurus bahianus,8/15/10,8,7.92,6,surgeonfish,0.0236,2.975,surgeonfish,21,21,1.2,HerDet,BtPlDw
Acanthurus bahianus,8/15/10,5,6.6,1,surgeonfish,0.0236,2.975,surgeonfish,21,21,1.2,HerDet,BtPlDw
Acanthurus bahianus,6/5/18,H5,12,1,surgeonfish,0.0236,2.975,surgeonfish,21,21,1.2,HerDet,BtPlDw
Acanthurus bahianus,8/1/11,6,5.28,3,surgeonfish,0.0236,2.975,surgeonfish,21,21,1.2,HerDet,BtPlDw
Acanthurus bahianus,5/1/11,9,10.56,3,surgeonfish,0.0236,2.975,surgeonfish,21,21,1.2,HerDet,BtPlDw
Acanthurus bahianus,8/15/10,5,7.92,1,surgeonfish,0.0236,2.975,surgeonfish,21,21,1.2,HerDet,BtPlDw
Acanthurus bahianus,8/15/10,4,5.28,3,surgeonfish,0.0236,2.975,surgeonfish,21,21,1.2,HerDet,BtPlDw
Acanthurus bahianus,8/15/10,4,10.56,4,surgeonfish,0.0236,2.975,surgeonfish,21,21,1.2,HerDet,BtPlDw
Acanthurus bahianus,5/1/11,9,11.88,2,surgeonfish,0.0236,2.975,surgeonfish,21,21,1.2,HerDet,BtPlDw
Acanthurus bahianus,8/15/10,8,3.96,3,surgeonfish,0.0236,2.975,surgeonfish,21,21,1.2,HerDet,BtPlDw
Acanthurus bahianus,6/5/18,H5,9,6,surgeonfish,0.0236,2.975,surgeonfish,21,21,1.2,HerDet,BtPlDw
Acanthurus bahianus,12/10/10,8,13.2,1,surgeonfish,0.0236,2.975,surgeonfish,21,21,1.2,HerDet,BtPlDw
Acanthurus bahianus,5/1/11,5,18.48,1,surgeonfish,0.0236,2.975,surgeonfish,21,21,1.2,HerDet,BtPlDw
Acanthurus bahianus,12/10/10,2,15.84,1,surgeonfish,0.0236,2.975,surgeonfish,21,21,1.2,HerDet,BtPlDw
Acanthurus bahianus,6/9/13,2b,9,1,surgeonfish,0.0236,2.975,surgeonfish,21,21,1.2,HerDet,BtPlDw
Acanthurus bahianus,5/26/13,4b,12,2,surgeonfish,0.0236,2.975,surgeonfish,21,21,1.2,HerDet,BtPlDw
Acanthurus bahianus,8/15/10,1,10.56,1,surgeonfish,0.0236,2.975,surgeonfish,21,21,1.2,HerDet,BtPlDw
Acanthurus bahianus,5/26/13,4d,15,1,surgeonfish,0.0236,2.975,surgeonfish,21,21,1.2,HerDet,BtPlDw
Acanthurus bahianus,12/10/10,2,10.56,1,surgeonfish,0.0236,2.975,surgeonfish,21,21,1.2,HerDet,BtPlDw
Acanthurus bahianus,5/20/18,ES,17,1,surgeonfish,0.0236,2.975,surgeonfish,21,21,1.2,HerDet,BtPlDw
Acanthurus bahianus,8/15/10,17,9.24,1,surgeonfish,0.0236,2.975,surgeonfish,21,21,1.2,HerDet,BtPlDw
Acanthurus bahianus,5/23/10,8,11.88,1,surgeonfish,0.0236,2.975,surgeonfish,21,21,1.2,HerDet,BtPlDw
Acanthurus bahianus,12/10/10,5,5.28,1,surgeonfish,0.0236,2.975,surgeonfish,21,21,1.2,HerDet,BtPlDw
Acanthurus bahianus,8/1/11,2,7.92,5,surgeonfish,0.0236,2.975,surgeonfish,21,21,1.2,HerDet,BtPlDw
Acanthurus bahianus,6/5/18,H6,6,1,surgeonfish,0.0236,2.975,surgeonfish,21,21,1.2,HerDet,BtPlDw
Acanthurus bahianus,8/1/11,4,7.92,2,surgeonfish,0.0236,2.975,surgeonfish,21,21,1.2,HerDet,BtPlDw
Acanthurus bahianus,12/10/10,20,15.84,1,surgeonfish,0.0236,2.975,surgeonfish,21,21,1.2,HerDet,BtPlDw
Acanthurus bahianus,5/23/10,19,13.2,1,surgeonfish,0.0236,2.975,surgeonfish,21,21,1.2,HerDet,BtPlDw
Acanthurus bahianus,8/1/11,17,11.88,1,surgeonfish,0.0236,2.975,surgeonfish,21,21,1.2,HerDet,BtPlDw
Acanthurus bahianus,12/10/10,11,3.96,1,surgeonfish,0.0236,2.975,surgeonfish,21,21,1.2,HerDet,BtPlDw
Acanthurus bahianus,8/15/10,11,15.84,3,surgeonfish,0.0236,2.975,surgeonfish,21,21,1.2,HerDet,BtPlDw
Acanthurus bahianus,5/1/11,9,14.52,1,surgeonfish,0.0236,2.975,surgeonfish,21,21,1.2,HerDet,BtPlDw
Acanthurus bahianus,6/17/18,H5,12,1,surgeonfish,0.0236,2.975,surgeonfish,21,21,1.2,HerDet,BtPlDw
Acanthurus bahianus,5/23/10,9,11.88,2,surgeonfish,0.0236,2.975,surgeonfish,21,21,1.2,HerDet,BtPlDw
Acanthurus bahianus,3/14/10,4,21.12,2,surgeonfish,0.0236,2.975,surgeonfish,21,21,1.2,HerDet,BtPlDw
Acanthurus bahianus,12/10/10,9,10.56,3,surgeonfish,0.0236,2.975,surgeonfish,21,21,1.2,HerDet,BtPlDw
Acanthurus bahianus,12/10/10,4,13.2,1,surgeonfish,0.0236,2.975,surgeonfish,21,21,1.2,HerDet,BtPlDw
Acanthurus bahianus,12/10/10,17,11.88,1,surgeonfish,0.0236,2.975,surgeonfish,21,21,1.2,HerDet,BtPlDw
Acanthurus bahianus,6/9/13,4d,14,2,surgeonfish,0.0236,2.975,surgeonfish,21,21,1.2,HerDet,BtPlDw
Acanthurus bahianus,3/14/10,9,7.92,1,surgeonfish,0.0236,2.975,surgeonfish,21,21,1.2,HerDet,BtPlDw
Acanthurus bahianus,8/1/11,17,6.6,1,surgeonfish,0.0236,2.975,surgeonfish,21,21,1.2,HerDet,BtPlDw
Acanthurus bahianus,5/26/13,4b,12,3,surgeonfish,0.0236,2.975,surgeonfish,21,21,1.2,HerDet,BtPlDw
Acanthurus bahianus,3/14/10,14,18.48,1,surgeonfish,0.0236,2.975,surgeonfish,21,21,1.2,HerDet,BtPlDw
Acanthurus bahianus,8/1/11,19,7.92,3,surgeonfish,0.0236,2.975,surgeonfish,21,21,1.2,HerDet,BtPlDw
Acanthurus bahianus,5/26/13,3d,15,1,surgeonfish,0.0236,2.975,surgeonfish,21,21,1.2,HerDet,BtPlDw
Acanthurus bahianus,3/14/10,1,21.12,1,surgeonfish,0.0236,2.975,surgeonfish,21,21,1.2,HerDet,BtPlDw
Acanthurus bahianus,5/1/11,9,15.84,2,surgeonfish,0.0236,2.975,surgeonfish,21,21,1.2,HerDet,BtPlDw
Acanthurus bahianus,6/9/13,4d,16,1,surgeonfish,0.0236,2.975,surgeonfish,21,21,1.2,HerDet,BtPlDw
Acanthurus bahianus,12/10/10,2,13.2,1,surgeonfish,0.0236,2.975,surgeonfish,21,21,1.2,HerDet,BtPlDw
Acanthurus bahianus,12/10/10,8,5.28,1,surgeonfish,0.0236,2.975,surgeonfish,21,21,1.2,HerDet,BtPlDw
Acanthurus bahianus,12/10/10,2,6.6,1,surgeonfish,0.0236,2.975,surgeonfish,21,21,1.2,HerDet,BtPlDw
Acanthurus bahianus,12/10/10,11,10.56,1,surgeonfish,0.0236,2.975,surgeonfish,21,21,1.2,HerDet,BtPlDw
Acanthurus bahianus,8/15/10,2,3.96,1,surgeonfish,0.0236,2.975,surgeonfish,21,21,1.2,HerDet,BtPlDw
Acanthurus bahianus,5/26/13,4d,12,1,surgeonfish,0.0236,2.975,surgeonfish,21,21,1.2,HerDet,BtPlDw
Acanthurus bahianus,3/14/10,6,9.24,1,surgeonfish,0.0236,2.975,surgeonfish,21,21,1.2,HerDet,BtPlDw
Acanthurus bahianus,12/10/10,5,13.2,1,surgeonfish,0.0236,2.975,surgeonfish,21,21,1.2,HerDet,BtPlDw
Acanthurus bahianus,6/22/18,H2,12,2,surgeonfish,0.0236,2.975,surgeonfish,21,21,1.2,HerDet,BtPlDw
Acanthurus bahianus,3/14/10,18,9.24,2,surgeonfish,0.0236,2.975,surgeonfish,21,21,1.2,HerDet,BtPlDw
Acanthurus bahianus,3/14/10,18,10.56,1,surgeonfish,0.0236,2.975,surgeonfish,21,21,1.2,HerDet,BtPlDw
Acanthurus bahianus,8/15/10,6,13.2,1,surgeonfish,0.0236,2.975,surgeonfish,21,21,1.2,HerDet,BtPlDw
Acanthurus bahianus,5/23/10,9,10.56,1,surgeonfish,0.0236,2.975,surgeonfish,21,21,1.2,HerDet,BtPlDw
Acanthurus bahianus,8/15/10,5,9.24,3,surgeonfish,0.0236,2.975,surgeonfish,21,21,1.2,HerDet,BtPlDw
Acanthurus bahianus,5/23/10,9,7.92,1,surgeonfish,0.0236,2.975,surgeonfish,21,21,1.2,HerDet,BtPlDw
Acanthurus bahianus,6/5/18,H6,9,5,surgeonfish,0.0236,2.975,surgeonfish,21,21,1.2,HerDet,BtPlDw
Acanthurus bahianus,8/15/10,20,21.12,1,surgeonfish,0.0236,2.975,surgeonfish,21,21,1.2,HerDet,BtPlDw
Acanthurus bahianus,5/26/13,2d,14,1,surgeonfish,0.0236,2.975,surgeonfish,21,21,1.2,HerDet,BtPlDw
Acanthurus bahianus,8/15/10,9,2.64,2,surgeonfish,0.0236,2.975,surgeonfish,21,21,1.2,HerDet,BtPlDw
Acanthurus bahianus,5/23/10,9,13.2,1,surgeonfish,0.0236,2.975,surgeonfish,21,21,1.2,HerDet,BtPlDw
Acanthurus bahianus,12/10/10,11,7.92,1,surgeonfish,0.0236,2.975,surgeonfish,21,21,1.2,HerDet,BtPlDw
Acanthurus bahianus,12/10/10,5,6.6,1,surgeonfish,0.0236,2.975,surgeonfish,21,21,1.2,HerDet,BtPlDw
Acanthurus bahianus,8/15/10,9,10.56,1,surgeonfish,0.0236,2.975,surgeonfish,21,21,1.2,HerDet,BtPlDw
Acanthurus bahianus,8/15/10,4,7.92,3,surgeonfish,0.0236,2.975,surgeonfish,21,21,1.2,HerDet,BtPlDw
Acanthurus bahianus,5/26/13,1a,4,2,surgeonfish,0.0236,2.975,surgeonfish,21,21,1.2,HerDet,BtPlDw
Acanthurus bahianus,12/10/10,1,10.56,1,surgeonfish,0.0236,2.975,surgeonfish,21,21,1.2,HerDet,BtPlDw
Acanthurus bahianus,6/17/18,H5,14,2,surgeonfish,0.0236,2.975,surgeonfish,21,21,1.2,HerDet,BtPlDw
Acanthurus bahianus,5/26/13,2b,8,1,surgeonfish,0.0236,2.975,surgeonfish,21,21,1.2,HerDet,BtPlDw
Acanthurus bahianus,6/5/18,H6,14,1,surgeonfish,0.0236,2.975,surgeonfish,21,21,1.2,HerDet,BtPlDw
Acanthurus bahianus,6/9/13,4b,12,2,surgeonfish,0.0236,2.975,surgeonfish,21,21,1.2,HerDet,BtPlDw
Acanthurus bahianus,8/15/10,17,10.56,1,surgeonfish,0.0236,2.975,surgeonfish,21,21,1.2,HerDet,BtPlDw
Acanthurus bahianus,12/10/10,9,13.2,1,surgeonfish,0.0236,2.975,surgeonfish,21,21,1.2,HerDet,BtPlDw
Acanthurus bahianus,8/1/11,6,6.6,1,surgeonfish,0.0236,2.975,surgeonfish,21,21,1.2,HerDet,BtPlDw
Acanthurus bahianus,5/26/13,3c,4,1,surgeonfish,0.0236,2.975,surgeonfish,21,21,1.2,HerDet,BtPlDw
Acanthurus bahianus,6/9/13,1b,10,1,surgeonfish,0.0236,2.975,surgeonfish,21,21,1.2,HerDet,BtPlDw
Acanthurus bahianus,3/14/10,11,9.24,1,surgeonfish,0.0236,2.975,surgeonfish,21,21,1.2,HerDet,BtPlDw
Acanthurus bahianus,8/15/10,17,2.64,2,surgeonfish,0.0236,2.975,surgeonfish,21,21,1.2,HerDet,BtPlDw
Acanthurus bahianus,5/23/10,11,10.56,1,surgeonfish,0.0236,2.975,surgeonfish,21,21,1.2,HerDet,BtPlDw
Acanthurus bahianus,5/23/10,8,7.92,1,surgeonfish,0.0236,2.975,surgeonfish,21,21,1.2,HerDet,BtPlDw
Acanthurus bahianus,5/26/13,2a,4,2,surgeonfish,0.0236,2.975,surgeonfish,21,21,1.2,HerDet,BtPlDw
Acanthurus bahianus,12/10/10,17,15.84,2,surgeonfish,0.0236,2.975,surgeonfish,21,21,1.2,HerDet,BtPlDw
Acanthurus bahianus,8/15/10,17,7.92,1,surgeonfish,0.0236,2.975,surgeonfish,21,21,1.2,HerDet,BtPlDw
Acanthurus bahianus,5/26/13,4d,14,1,surgeonfish,0.0236,2.975,surgeonfish,21,21,1.2,HerDet,BtPlDw
Acanthurus bahianus,8/15/10,1,18.48,1,surgeonfish,0.0236,2.975,surgeonfish,21,21,1.2,HerDet,BtPlDw
Acanthurus bahianus,8/15/10,9,5.28,1,surgeonfish,0.0236,2.975,surgeonfish,21,21,1.2,HerDet,BtPlDw
Acanthurus bahianus,12/10/10,6,11.88,1,surgeonfish,0.0236,2.975,surgeonfish,21,21,1.2,HerDet,BtPlDw
Acanthurus bahianus,8/15/10,20,10.56,1,surgeonfish,0.0236,2.975,surgeonfish,21,21,1.2,HerDet,BtPlDw
Acanthurus bahianus,12/10/10,5,9.24,2,surgeonfish,0.0236,2.975,surgeonfish,21,21,1.2,HerDet,BtPlDw
Acanthurus bahianus,6/9/13,1a,5,1,surgeonfish,0.0236,2.975,surgeonfish,21,21,1.2,HerDet,BtPlDw
Acanthurus bahianus,3/14/10,20,7.92,1,surgeonfish,0.0236,2.975,surgeonfish,21,21,1.2,HerDet,BtPlDw
Acanthurus bahianus,8/1/11,4,6.6,2,surgeonfish,0.0236,2.975,surgeonfish,21,21,1.2,HerDet,BtPlDw
Acanthurus bahianus,5/23/10,17,13.2,1,surgeonfish,0.0236,2.975,surgeonfish,21,21,1.2,HerDet,BtPlDw
Acanthurus bahianus,3/14/10,8,7.92,4,surgeonfish,0.0236,2.975,surgeonfish,21,21,1.2,HerDet,BtPlDw
Acanthurus bahianus,5/26/13,4d,14,1,surgeonfish,0.0236,2.975,surgeonfish,21,21,1.2,HerDet,BtPlDw
Acanthurus bahianus,3/14/10,8,9.24,1,surgeonfish,0.0236,2.975,surgeonfish,21,21,1.2,HerDet,BtPlDw
Acanthurus bahianus,5/26/13,2b,10,1,surgeonfish,0.0236,2.975,surgeonfish,21,21,1.2,HerDet,BtPlDw
Acanthurus bahianus,8/15/10,2,2.64,1,surgeonfish,0.0236,2.975,surgeonfish,21,21,1.2,HerDet,BtPlDw
Acanthurus bahianus,12/10/10,17,13.2,1,surgeonfish,0.0236,2.975,surgeonfish,21,21,1.2,HerDet,BtPlDw
Acanthurus bahianus,8/15/10,11,7.92,5,surgeonfish,0.0236,2.975,surgeonfish,21,21,1.2,HerDet,BtPlDw
Acanthurus bahianus,6/9/13,2d,12,2,surgeonfish,0.0236,2.975,surgeonfish,21,21,1.2,HerDet,BtPlDw
Acanthurus bahianus,12/10/10,11,7.92,1,surgeonfish,0.0236,2.975,surgeonfish,21,21,1.2,HerDet,BtPlDw
Acanthurus bahianus,5/23/10,8,6.6,3,surgeonfish,0.0236,2.975,surgeonfish,21,21,1.2,HerDet,BtPlDw
Acanthurus bahianus,5/23/10,1,10.56,1,surgeonfish,0.0236,2.975,surgeonfish,21,21,1.2,HerDet,BtPlDw
Acanthurus bahianus,12/10/10,5,11.88,1,surgeonfish,0.0236,2.975,surgeonfish,21,21,1.2,HerDet,BtPlDw
Acanthurus bahianus,8/1/11,6,25.08,1,surgeonfish,0.0236,2.975,surgeonfish,21,21,1.2,HerDet,BtPlDw
Acanthurus bahianus,12/10/10,2,7.92,3,surgeonfish,0.0236,2.975,surgeonfish,21,21,1.2,HerDet,BtPlDw
Acanthurus bahianus,5/26/13,4b,10,1,surgeonfish,0.0236,2.975,surgeonfish,21,21,1.2,HerDet,BtPlDw
Acanthurus bahianus,5/1/11,2,10.56,1,surgeonfish,0.0236,2.975,surgeonfish,21,21,1.2,HerDet,BtPlDw
Acanthurus chirurgus,5/7/16,1a,3,1,doctorfish,0.0041,3.5328,doctorfish,39,33.2,0.3,HerDet,BtPlDw
Acanthurus chirurgus,7/7/22,LH5,12,1,doctorfish,0.0041,3.5328,doctorfish,39,33.2,0.3,HerDet,BtPlDw
Acanthurus chirurgus,6/13/19,1a,11,1,doctorfish,0.0041,3.5328,doctorfish,39,33.2,0.3,HerDet,BtPlDw
Acanthurus chirurgus,5/9/16,3c,4,3,doctorfish,0.0041,3.5328,doctorfish,39,33.2,0.3,HerDet,BtPlDw
Acanthurus chirurgus,5/5/16,4b,12,1,doctorfish,0.0041,3.5328,doctorfish,39,33.2,0.3,HerDet,BtPlDw
Acanthurus chirurgus,5/9/16,4a,8,1,doctorfish,0.0041,3.5328,doctorfish,39,33.2,0.3,HerDet,BtPlDw
Acanthurus chirurgus,5/9/16,3c,5,1,doctorfish,0.0041,3.5328,doctorfish,39,33.2,0.3,HerDet,BtPlDw
Acanthurus chirurgus,5/13/16,3c,4,1,doctorfish,0.0041,3.5328,doctorfish,39,33.2,0.3,HerDet,BtPlDw
Acanthurus chirurgus,5/9/16,2a,3,2,doctorfish,0.0041,3.5328,doctorfish,39,33.2,0.3,HerDet,BtPlDw
Acanthurus chirurgus,5/12/16,2a,3,3,doctorfish,0.0041,3.5328,doctorfish,39,33.2,0.3,HerDet,BtPlDw
Acanthurus chirurgus,5/9/16,2a,8,1,doctorfish,0.0041,3.5328,doctorfish,39,33.2,0.3,HerDet,BtPlDw
Acanthurus chirurgus,5/9/16,1d,6,1,doctorfish,0.0041,3.5328,doctorfish,39,33.2,0.3,HerDet,BtPlDw
Acanthurus chirurgus,5/7/16,4a,7,1,doctorfish,0.0041,3.5328,doctorfish,39,33.2,0.3,HerDet,BtPlDw
Acanthurus chirurgus,5/11/16,1d,4,1,doctorfish,0.0041,3.5328,doctorfish,39,33.2,0.3,HerDet,BtPlDw
Acanthurus chirurgus,12/24/22,LH5,14,1,doctorfish,0.0041,3.5328,doctorfish,39,33.2,0.3,HerDet,BtPlDw
Acanthurus chirurgus,5/7/16,4b,17,1,doctorfish,0.0041,3.5328,doctorfish,39,33.2,0.3,HerDet,BtPlDw
Acanthurus chirurgus,5/9/16,1a,3,3,doctorfish,0.0041,3.5328,doctorfish,39,33.2,0.3,HerDet,BtPlDw
Acanthurus chirurgus,5/9/16,1d,3,1,doctorfish,0.0041,3.5328,doctorfish,39,33.2,0.3,HerDet,BtPlDw
Acanthurus chirurgus,5/20/16,LH3,18,1,doctorfish,0.0041,3.5328,doctorfish,39,33.2,0.3,HerDet,BtPlDw
Acanthurus chirurgus,5/7/16,3c,4,2,doctorfish,0.0041,3.5328,doctorfish,39,33.2,0.3,HerDet,BtPlDw
Acanthurus chirurgus,3/2/22,LH1,11,1,doctorfish,0.0041,3.5328,doctorfish,39,33.2,0.3,HerDet,BtPlDw
Acanthurus chirurgus,12/20/21,LH5,15,1,doctorfish,0.0041,3.5328,doctorfish,39,33.2,0.3,HerDet,BtPlDw
Acanthurus chirurgus,12/24/22,LH4,19,1,doctorfish,0.0041,3.5328,doctorfish,39,33.2,0.3,HerDet,BtPlDw
Acanthurus chirurgus,5/5/16,2c,5,2,doctorfish,0.0041,3.5328,doctorfish,39,33.2,0.3,HerDet,BtPlDw
Acanthurus chirurgus,5/7/16,4c,3,1,doctorfish,0.0041,3.5328,doctorfish,39,33.2,0.3,HerDet,BtPlDw
Acanthurus chirurgus,6/13/19,3c,4,1,doctorfish,0.0041,3.5328,doctorfish,39,33.2,0.3,HerDet,BtPlDw
Acanthurus chirurgus,5/16/22,LH6,16,1,doctorfish,0.0041,3.5328,doctorfish,39,33.2,0.3,HerDet,BtPlDw
Acanthurus chirurgus,5/9/16,4c,4,1,doctorfish,0.0041,3.5328,doctorfish,39,33.2,0.3,HerDet,BtPlDw
Acanthurus chirurgus,5/27/22,LH1,14,1,doctorfish,0.0041,3.5328,doctorfish,39,33.2,0.3,HerDet,BtPlDw
Acanthurus chirurgus,5/9/16,4b,14,2,doctorfish,0.0041,3.5328,doctorfish,39,33.2,0.3,HerDet,BtPlDw
Acanthurus chirurgus,5/9/16,1a,5,2,doctorfish,0.0041,3.5328,doctorfish,39,33.2,0.3,HerDet,BtPlDw
Acanthurus chirurgus,5/11/16,1a,5,1,doctorfish,0.0041,3.5328,doctorfish,39,33.2,0.3,HerDet,BtPlDw
Acanthurus chirurgus,5/13/16,4b,16,1,doctorfish,0.0041,3.5328,doctorfish,39,33.2,0.3,HerDet,BtPlDw
Acanthurus chirurgus,5/7/16,4b,12,1,doctorfish,0.0041,3.5328,doctorfish,39,33.2,0.3,HerDet,BtPlDw
Acanthurus chirurgus,2/28/22,LH5,12,1,doctorfish,0.0041,3.5328,doctorfish,39,33.2,0.3,HerDet,BtPlDw
Acanthurus chirurgus,5/13/16,3a,4,1,doctorfish,0.0041,3.5328,doctorfish,39,33.2,0.3,HerDet,BtPlDw
Acanthurus chirurgus,5/11/19,2d,12,1,doctorfish,0.0041,3.5328,doctorfish,39,33.2,0.3,HerDet,BtPlDw
Acanthurus chirurgus,5/10/16,SC,15,1,doctorfish,0.0041,3.5328,doctorfish,39,33.2,0.3,HerDet,BtPlDw
Acanthurus chirurgus,5/5/16,1a,10,1,doctorfish,0.0041,3.5328,doctorfish,39,33.2,0.3,HerDet,BtPlDw
Acanthurus chirurgus,5/11/19,2c,5,1,doctorfish,0.0041,3.5328,doctorfish,39,33.2,0.3,HerDet,BtPlDw
Acanthurus chirurgus,5/12/19,1a,4,1,doctorfish,0.0041,3.5328,doctorfish,39,33.2,0.3,HerDet,BtPlDw
Acanthurus chirurgus,5/7/16,2a,3,2,doctorfish,0.0041,3.5328,doctorfish,39,33.2,0.3,HerDet,BtPlDw
Acanthurus chirurgus,5/9/16,2c,4,2,doctorfish,0.0041,3.5328,doctorfish,39,33.2,0.3,HerDet,BtPlDw
Acanthurus chirurgus,5/13/16,3c,3,2,doctorfish,0.0041,3.5328,doctorfish,39,33.2,0.3,HerDet,BtPlDw
Acanthurus chirurgus,6/13/19,1b,10,1,doctorfish,0.0041,3.5328,doctorfish,39,33.2,0.3,HerDet,BtPlDw
Acanthurus chirurgus,7/7/22,LH5,15,1,doctorfish,0.0041,3.5328,doctorfish,39,33.2,0.3,HerDet,BtPlDw
Acanthurus chirurgus,3/1/22,LH5,13,1,doctorfish,0.0041,3.5328,doctorfish,39,33.2,0.3,HerDet,BtPlDw
Acanthurus chirurgus,5/9/16,4b,17,1,doctorfish,0.0041,3.5328,doctorfish,39,33.2,0.3,HerDet,BtPlDw
Acanthurus chirurgus,5/12/16,4c,3,1,doctorfish,0.0041,3.5328,doctorfish,39,33.2,0.3,HerDet,BtPlDw
Acanthurus chirurgus,5/9/16,2a,4,1,doctorfish,0.0041,3.5328,doctorfish,39,33.2,0.3,HerDet,BtPlDw
Acanthurus chirurgus,5/27/22,LH1,12,1,doctorfish,0.0041,3.5328,doctorfish,39,33.2,0.3,HerDet,BtPlDw
Acanthurus chirurgus,3/2/22,LH1,10,1,doctorfish,0.0041,3.5328,doctorfish,39,33.2,0.3,HerDet,BtPlDw
Acanthurus chirurgus,5/5/16,2a,3,2,doctorfish,0.0041,3.5328,doctorfish,39,33.2,0.3,HerDet,BtPlDw
Acanthurus chirurgus,5/25/16,LH2,20,1,doctorfish,0.0041,3.5328,doctorfish,39,33.2,0.3,HerDet,BtPlDw
Acanthurus chirurgus,5/12/16,4a,8,1,doctorfish,0.0041,3.5328,doctorfish,39,33.2,0.3,HerDet,BtPlDw
Acanthurus chirurgus,5/12/16,2a,8,1,doctorfish,0.0041,3.5328,doctorfish,39,33.2,0.3,HerDet,BtPlDw
Acanthurus chirurgus,5/10/16,4a,5,1,doctorfish,0.0041,3.5328,doctorfish,39,33.2,0.3,HerDet,BtPlDw
Acanthurus chirurgus,6/13/19,1a,9,1,doctorfish,0.0041,3.5328,doctorfish,39,33.2,0.3,HerDet,BtPlDw
Acanthurus chirurgus,12/31/22,LH1,13,1,doctorfish,0.0041,3.5328,doctorfish,39,33.2,0.3,HerDet,BtPlDw
Acanthurus chirurgus,5/5/16,1a,7,1,doctorfish,0.0041,3.5328,doctorfish,39,33.2,0.3,HerDet,BtPlDw
Acanthurus chirurgus,5/12/16,4b,17,1,doctorfish,0.0041,3.5328,doctorfish,39,33.2,0.3,HerDet,BtPlDw
Acanthurus chirurgus,5/10/16,4c,4,1,doctorfish,0.0041,3.5328,doctorfish,39,33.2,0.3,HerDet,BtPlDw
Acanthurus chirurgus,12/20/21,LH5,17,1,doctorfish,0.0041,3.5328,doctorfish,39,33.2,0.3,HerDet,BtPlDw
Acanthurus chirurgus,6/13/19,2a,6,1,doctorfish,0.0041,3.5328,doctorfish,39,33.2,0.3,HerDet,BtPlDw
Acanthurus chirurgus,5/5/16,2a,8,1,doctorfish,0.0041,3.5328,doctorfish,39,33.2,0.3,HerDet,BtPlDw
Acanthurus chirurgus,5/5/16,4b,14,1,doctorfish,0.0041,3.5328,doctorfish,39,33.2,0.3,HerDet,BtPlDw
Acanthurus chirurgus,5/25/16,LH2,24,1,doctorfish,0.0041,3.5328,doctorfish,39,33.2,0.3,HerDet,BtPlDw
Acanthurus chirurgus,5/27/22,LH4,17,2,doctorfish,0.0041,3.5328,doctorfish,39,33.2,0.3,HerDet,BtPlDw
Acanthurus chirurgus,5/29/17,SC,17,3,doctorfish,0.0041,3.5328,doctorfish,39,33.2,0.3,HerDet,BtPlDw
Acanthurus chirurgus,5/4/23,LH1,11,1,doctorfish,0.0041,3.5328,doctorfish,39,33.2,0.3,HerDet,BtPlDw
Acanthurus chirurgus,5/7/16,4c,4,1,doctorfish,0.0041,3.5328,doctorfish,39,33.2,0.3,HerDet,BtPlDw
Acanthurus chirurgus,5/7/16,3a,4,1,doctorfish,0.0041,3.5328,doctorfish,39,33.2,0.3,HerDet,BtPlDw
Acanthurus chirurgus,7/7/22,LH6,14,1,doctorfish,0.0041,3.5328,doctorfish,39,33.2,0.3,HerDet,BtPlDw
Acanthurus chirurgus,5/5/16,1d,4,1,doctorfish,0.0041,3.5328,doctorfish,39,33.2,0.3,HerDet,BtPlDw
Acanthurus chirurgus,5/27/22,LH4,15,1,doctorfish,0.0041,3.5328,doctorfish,39,33.2,0.3,HerDet,BtPlDw
Acanthurus chirurgus,5/12/19,1b,5,1,doctorfish,0.0041,3.5328,doctorfish,39,33.2,0.3,HerDet,BtPlDw
Acanthurus chirurgus,5/9/16,1d,10,1,doctorfish,0.0041,3.5328,doctorfish,39,33.2,0.3,HerDet,BtPlDw
Acanthurus chirurgus,5/5/16,3c,5,1,doctorfish,0.0041,3.5328,doctorfish,39,33.2,0.3,HerDet,BtPlDw
Acanthurus chirurgus,5/2/22,LH5,14,1,doctorfish,0.0041,3.5328,doctorfish,39,33.2,0.3,HerDet,BtPlDw
Acanthurus chirurgus,5/27/22,LH6,18,2,doctorfish,0.0041,3.5328,doctorfish,39,33.2,0.3,HerDet,BtPlDw
Acanthurus chirurgus,2/28/22,LH4,15,1,doctorfish,0.0041,3.5328,doctorfish,39,33.2,0.3,HerDet,BtPlDw
Acanthurus chirurgus,5/11/16,4a,8,1,doctorfish,0.0041,3.5328,doctorfish,39,33.2,0.3,HerDet,BtPlDw
Acanthurus chirurgus,5/12/16,2a,5,1,doctorfish,0.0041,3.5328,doctorfish,39,33.2,0.3,HerDet,BtPlDw
Acanthurus chirurgus,5/7/16,1a,8,1,doctorfish,0.0041,3.5328,doctorfish,39,33.2,0.3,HerDet,BtPlDw
Acanthurus chirurgus,12/24/22,LH1,11,1,doctorfish,0.0041,3.5328,doctorfish,39,33.2,0.3,HerDet,BtPlDw
Acanthurus chirurgus,5/9/16,4c,3,1,doctorfish,0.0041,3.5328,doctorfish,39,33.2,0.3,HerDet,BtPlDw
Acanthurus chirurgus,5/9/16,1b,5,1,doctorfish,0.0041,3.5328,doctorfish,39,33.2,0.3,HerDet,BtPlDw
Acanthurus chirurgus,5/13/16,4c,4,1,doctorfish,0.0041,3.5328,doctorfish,39,33.2,0.3,HerDet,BtPlDw
Acanthurus chirurgus,12/20/21,LH4,19,1,doctorfish,0.0041,3.5328,doctorfish,39,33.2,0.3,HerDet,BtPlDw
Acanthurus chirurgus,5/9/16,1d,4,1,doctorfish,0.0041,3.5328,doctorfish,39,33.2,0.3,HerDet,BtPlDw
Acanthurus chirurgus,5/12/19,1b,7,1,doctorfish,0.0041,3.5328,doctorfish,39,33.2,0.3,HerDet,BtPlDw
Acanthurus chirurgus,5/20/16,LH3,20,1,doctorfish,0.0041,3.5328,doctorfish,39,33.2,0.3,HerDet,BtPlDw
Acanthurus chirurgus,5/12/16,4b,15,1,doctorfish,0.0041,3.5328,doctorfish,39,33.2,0.3,HerDet,BtPlDw
Acanthurus chirurgus,5/11/16,4b,15,1,doctorfish,0.0041,3.5328,doctorfish,39,33.2,0.3,HerDet,BtPlDw
Acanthurus chirurgus,5/5/16,4c,4,1,doctorfish,0.0041,3.5328,doctorfish,39,33.2,0.3,HerDet,BtPlDw
Acanthurus chirurgus,5/16/22,LH1,13,1,doctorfish,0.0041,3.5328,doctorfish,39,33.2,0.3,HerDet,BtPlDw
Acanthurus chirurgus,5/5/16,1a,4,2,doctorfish,0.0041,3.5328,doctorfish,39,33.2,0.3,HerDet,BtPlDw
Acanthurus chirurgus,5/11/16,1a,4,1,doctorfish,0.0041,3.5328,doctorfish,39,33.2,0.3,HerDet,BtPlDw
Acanthurus chirurgus,6/13/19,3d,11,1,doctorfish,0.0041,3.5328,doctorfish,39,33.2,0.3,HerDet,BtPlDw
Acanthurus chirurgus,5/14/16,4b,14,2,doctorfish,0.0041,3.5328,doctorfish,39,33.2,0.3,HerDet,BtPlDw
Acanthurus chirurgus,5/14/16,4b,17,1,doctorfish,0.0041,3.5328,doctorfish,39,33.2,0.3,HerDet,BtPlDw
Acanthurus chirurgus,5/14/16,4c,2,1,doctorfish,0.0041,3.5328,doctorfish,39,33.2,0.3,HerDet,BtPlDw
Acanthurus chirurgus,6/13/19,2d,13,1,doctorfish,0.0041,3.5328,doctorfish,39,33.2,0.3,HerDet,BtPlDw
Acanthurus chirurgus,5/5/16,1d,11,1,doctorfish,0.0041,3.5328,doctorfish,39,33.2,0.3,HerDet,BtPlDw
Acanthurus chirurgus,7/7/22,LH4,16,2,doctorfish,0.0041,3.5328,doctorfish,39,33.2,0.3,HerDet,BtPlDw
Acanthurus chirurgus,5/11/19,2a,12,1,doctorfish,0.0041,3.5328,doctorfish,39,33.2,0.3,HerDet,BtPlDw
Acanthurus chirurgus,5/11/16,1b,5,1,doctorfish,0.0041,3.5328,doctorfish,39,33.2,0.3,HerDet,BtPlDw
Acanthurus chirurgus,5/9/16,2a,7,1,doctorfish,0.0041,3.5328,doctorfish,39,33.2,0.3,HerDet,BtPlDw
Acanthurus chirurgus,4/24/23,LH4,14,1,doctorfish,0.0041,3.5328,doctorfish,39,33.2,0.3,HerDet,BtPlDw
Acanthurus chirurgus,5/23/16,H7,8,4,doctorfish,0.0041,3.5328,doctorfish,39,33.2,0.3,HerDet,BtPlDw
Acanthurus chirurgus,5/5/16,3c,4,3,doctorfish,0.0041,3.5328,doctorfish,39,33.2,0.3,HerDet,BtPlDw
Acanthurus chirurgus,5/7/16,2c,4,1,doctorfish,0.0041,3.5328,doctorfish,39,33.2,0.3,HerDet,BtPlDw
Acanthurus chirurgus,5/10/16,4b,17,1,doctorfish,0.0041,3.5328,doctorfish,39,33.2,0.3,HerDet,BtPlDw
Acanthurus chirurgus,5/7/16,4b,14,1,doctorfish,0.0041,3.5328,doctorfish,39,33.2,0.3,HerDet,BtPlDw
Acanthurus chirurgus,5/11/16,4b,17,1,doctorfish,0.0041,3.5328,doctorfish,39,33.2,0.3,HerDet,BtPlDw
Acanthurus chirurgus,5/5/16,4a,7,1,doctorfish,0.0041,3.5328,doctorfish,39,33.2,0.3,HerDet,BtPlDw
Acanthurus chirurgus,7/7/22,LH6,17,1,doctorfish,0.0041,3.5328,doctorfish,39,33.2,0.3,HerDet,BtPlDw
Acanthurus chirurgus,5/7/16,1a,6,2,doctorfish,0.0041,3.5328,doctorfish,39,33.2,0.3,HerDet,BtPlDw
Acanthurus chirurgus,5/9/16,2c,4,2,doctorfish,0.0041,3.5328,doctorfish,39,33.2,0.3,HerDet,BtPlDw
Acanthurus chirurgus,5/9/16,3a,4,1,doctorfish,0.0041,3.5328,doctorfish,39,33.2,0.3,HerDet,BtPlDw
Acanthurus chirurgus,5/16/22,LH6,15,1,doctorfish,0.0041,3.5328,doctorfish,39,33.2,0.3,HerDet,BtPlDw
Acanthurus chirurgus,5/11/19,2a,6,1,doctorfish,0.0041,3.5328,doctorfish,39,33.2,0.3,HerDet,BtPlDw
Acanthurus chirurgus,4/27/23,LH4,12,1,doctorfish,0.0041,3.5328,doctorfish,39,33.2,0.3,HerDet,BtPlDw
Acanthurus chirurgus,5/14/16,4c,4,1,doctorfish,0.0041,3.5328,doctorfish,39,33.2,0.3,HerDet,BtPlDw
Acanthurus chirurgus,4/21/23,LH5,19,1,doctorfish,0.0041,3.5328,doctorfish,39,33.2,0.3,HerDet,BtPlDw
Acanthurus chirurgus,5/9/16,1a,4,2,doctorfish,0.0041,3.5328,doctorfish,39,33.2,0.3,HerDet,BtPlDw
Acanthurus chirurgus,5/12/16,2a,4,2,doctorfish,0.0041,3.5328,doctorfish,39,33.2,0.3,HerDet,BtPlDw
Acanthurus chirurgus,5/4/23,LH4,14,1,doctorfish,0.0041,3.5328,doctorfish,39,33.2,0.3,HerDet,BtPlDw
Acanthurus chirurgus,5/5/16,2a,5,1,doctorfish,0.0041,3.5328,doctorfish,39,33.2,0.3,HerDet,BtPlDw
Acanthurus chirurgus,5/11/16,1a,3,3,doctorfish,0.0041,3.5328,doctorfish,39,33.2,0.3,HerDet,BtPlDw
Acanthurus chirurgus,7/7/22,LH3,12,1,doctorfish,0.0041,3.5328,doctorfish,39,33.2,0.3,HerDet,BtPlDw
Acanthurus chirurgus,5/7/16,1a,4,2,doctorfish,0.0041,3.5328,doctorfish,39,33.2,0.3,HerDet,BtPlDw
Acanthurus chirurgus,4/25/23,LH4,14,1,doctorfish,0.0041,3.5328,doctorfish,39,33.2,0.3,HerDet,BtPlDw
Acanthurus chirurgus,5/14/16,4b,15,1,doctorfish,0.0041,3.5328,doctorfish,39,33.2,0.3,HerDet,BtPlDw
Acanthurus chirurgus,5/5/16,2a,4,1,doctorfish,0.0041,3.5328,doctorfish,39,33.2,0.3,HerDet,BtPlDw
Acanthurus chirurgus,5/4/23,LH1,12,1,doctorfish,0.0041,3.5328,doctorfish,39,33.2,0.3,HerDet,BtPlDw
Acanthurus chirurgus,7/2/23,LH4,17,1,doctorfish,0.0041,3.5328,doctorfish,39,33.2,0.3,HerDet,BtPlDw
Acanthurus chirurgus,6/13/19,3c,9,1,doctorfish,0.0041,3.5328,doctorfish,39,33.2,0.3,HerDet,BtPlDw
Acanthurus chirurgus,5/7/16,2a,4,1,doctorfish,0.0041,3.5328,doctorfish,39,33.2,0.3,HerDet,BtPlDw
Acanthurus chirurgus,2/28/22,LH5,10,1,doctorfish,0.0041,3.5328,doctorfish,39,33.2,0.3,HerDet,BtPlDw
Acanthurus chirurgus,5/23/16,H1,5,1,doctorfish,0.0041,3.5328,doctorfish,39,33.2,0.3,HerDet,BtPlDw
Acanthurus chirurgus,5/13/16,4b,14,2,doctorfish,0.0041,3.5328,doctorfish,39,33.2,0.3,HerDet,BtPlDw
Acanthurus chirurgus,5/11/16,4c,4,1,doctorfish,0.0041,3.5328,doctorfish,39,33.2,0.3,HerDet,BtPlDw
Acanthurus chirurgus,6/13/19,3b,14,1,doctorfish,0.0041,3.5328,doctorfish,39,33.2,0.3,HerDet,BtPlDw
Acanthurus chirurgus,4/25/23,LH4,17,1,doctorfish,0.0041,3.5328,doctorfish,39,33.2,0.3,HerDet,BtPlDw
Acanthurus chirurgus,4/21/23,LH4,19,1,doctorfish,0.0041,3.5328,doctorfish,39,33.2,0.3,HerDet,BtPlDw
Acanthurus chirurgus,5/5/16,1b,8,1,doctorfish,0.0041,3.5328,doctorfish,39,33.2,0.3,HerDet,BtPlDw
Acanthurus chirurgus,3/1/22,LH1,14,1,doctorfish,0.0041,3.5328,doctorfish,39,33.2,0.3,HerDet,BtPlDw
Acanthurus chirurgus,6/13/19,2b,14,1,doctorfish,0.0041,3.5328,doctorfish,39,33.2,0.3,HerDet,BtPlDw
Acanthurus chirurgus,5/13/16,4c,2,4,doctorfish,0.0041,3.5328,doctorfish,39,33.2,0.3,HerDet,BtPlDw
Acanthurus chirurgus,6/13/19,4a,4,1,doctorfish,0.0041,3.5328,doctorfish,39,33.2,0.3,HerDet,BtPlDw
Acanthurus chirurgus,5/11/16,4c,3,1,doctorfish,0.0041,3.5328,doctorfish,39,33.2,0.3,HerDet,BtPlDw
Acanthurus chirurgus,5/14/16,4c,3,2,doctorfish,0.0041,3.5328,doctorfish,39,33.2,0.3,HerDet,BtPlDw
Acanthurus chirurgus,5/22/16,H5,14,2,doctorfish,0.0041,3.5328,doctorfish,39,33.2,0.3,HerDet,BtPlDw
Acanthurus chirurgus,5/5/16,4c,3,1,doctorfish,0.0041,3.5328,doctorfish,39,33.2,0.3,HerDet,BtPlDw
Acanthurus chirurgus,4/24/23,LH4,15,1,doctorfish,0.0041,3.5328,doctorfish,39,33.2,0.3,HerDet,BtPlDw
Acanthurus chirurgus,5/5/16,2a,9,1,doctorfish,0.0041,3.5328,doctorfish,39,33.2,0.3,HerDet,BtPlDw
Acanthurus chirurgus,5/10/16,4b,14,2,doctorfish,0.0041,3.5328,doctorfish,39,33.2,0.3,HerDet,BtPlDw
Acanthurus chirurgus,5/4/23,LH4,12,1,doctorfish,0.0041,3.5328,doctorfish,39,33.2,0.3,HerDet,BtPlDw
Acanthurus chirurgus,5/4/23,LH4,12,1,doctorfish,0.0041,3.5328,doctorfish,39,33.2,0.3,HerDet,BtPlDw
Acanthurus chirurgus,5/13/16,4b,18,1,doctorfish,0.0041,3.5328,doctorfish,39,33.2,0.3,HerDet,BtPlDw
Acanthurus chirurgus,3/2/22,LH5,11,1,doctorfish,0.0041,3.5328,doctorfish,39,33.2,0.3,HerDet,BtPlDw
Acanthurus chirurgus,5/27/22,LH6,17,1,doctorfish,0.0041,3.5328,doctorfish,39,33.2,0.3,HerDet,BtPlDw
Acanthurus chirurgus,5/5/16,4b,16,1,doctorfish,0.0041,3.5328,doctorfish,39,33.2,0.3,HerDet,BtPlDw
Acanthurus chirurgus,5/10/16,4c,3,1,doctorfish,0.0041,3.5328,doctorfish,39,33.2,0.3,HerDet,BtPlDw
Acanthurus chirurgus,5/12/16,2c,4,1,doctorfish,0.0041,3.5328,doctorfish,39,33.2,0.3,HerDet,BtPlDw
Acanthurus chirurgus,5/5/16,1a,5,1,doctorfish,0.0041,3.5328,doctorfish,39,33.2,0.3,HerDet,BtPlDw
Acanthurus chirurgus,5/12/16,4c,4,1,doctorfish,0.0041,3.5328,doctorfish,39,33.2,0.3,HerDet,BtPlDw
Acanthurus chirurgus,6/13/19,3b,11,2,doctorfish,0.0041,3.5328,doctorfish,39,33.2,0.3,HerDet,BtPlDw
Acanthurus chirurgus,5/12/16,4b,14,2,doctorfish,0.0041,3.5328,doctorfish,39,33.2,0.3,HerDet,BtPlDw
Acanthurus chirurgus,5/7/16,2c,3,1,doctorfish,0.0041,3.5328,doctorfish,39,33.2,0.3,HerDet,BtPlDw
Acanthurus chirurgus,5/2/22,LH1,16,1,doctorfish,0.0041,3.5328,doctorfish,39,33.2,0.3,HerDet,BtPlDw
Acanthurus chirurgus,6/13/19,1b,14,1,doctorfish,0.0041,3.5328,doctorfish,39,33.2,0.3,HerDet,BtPlDw
Acanthurus chirurgus,5/11/16,1a,7,1,doctorfish,0.0041,3.5328,doctorfish,39,33.2,0.3,HerDet,BtPlDw
Acanthurus chirurgus,5/7/16,2a,6,2,doctorfish,0.0041,3.5328,doctorfish,39,33.2,0.3,HerDet,BtPlDw
Acanthurus chirurgus,6/13/19,3b,19,1,doctorfish,0.0041,3.5328,doctorfish,39,33.2,0.3,HerDet,BtPlDw
Acanthurus chirurgus,5/7/16,3c,3,1,doctorfish,0.0041,3.5328,doctorfish,39,33.2,0.3,HerDet,BtPlDw
Acanthurus chirurgus,5/27/22,LH5,14,1,doctorfish,0.0041,3.5328,doctorfish,39,33.2,0.3,HerDet,BtPlDw
Acanthurus chirurgus,7/7/22,LH6,15,1,doctorfish,0.0041,3.5328,doctorfish,39,33.2,0.3,HerDet,BtPlDw
Acanthurus chirurgus,5/27/22,LH2,15,1,doctorfish,0.0041,3.5328,doctorfish,39,33.2,0.3,HerDet,BtPlDw
Acanthurus chirurgus,5/5/16,3a,4,1,doctorfish,0.0041,3.5328,doctorfish,39,33.2,0.3,HerDet,BtPlDw
Acanthurus chirurgus,5/10/16,4b,13,1,doctorfish,0.0041,3.5328,doctorfish,39,33.2,0.3,HerDet,BtPlDw
Acanthurus chirurgus,2/28/22,LH1,15,1,doctorfish,0.0041,3.5328,doctorfish,39,33.2,0.3,HerDet,BtPlDw
Acanthurus chirurgus,5/27/22,LH3,15,1,doctorfish,0.0041,3.5328,doctorfish,39,33.2,0.3,HerDet,BtPlDw
Acanthurus chirurgus,5/16/22,LH4,13,1,doctorfish,0.0041,3.5328,doctorfish,39,33.2,0.3,HerDet,BtPlDw
Acanthurus chirurgus,5/11/16,4b,14,2,doctorfish,0.0041,3.5328,doctorfish,39,33.2,0.3,HerDet,BtPlDw
Acanthurus chirurgus,5/11/16,1d,7,1,doctorfish,0.0041,3.5328,doctorfish,39,33.2,0.3,HerDet,BtPlDw
Acanthurus coeruleus,5/7/16,2b,14,1,tang,0.0305,3,blue tang,39,39,0.817,HerDet,BtPlDw
Acanthurus coeruleus,5/7/16,2b,14,1,blue tang,0.0305,3,blue tang,39,39,0.817,HerDet,BtPlDw
Acanthurus coeruleus,5/27/17,LH3,10,2,tang,0.0305,3,blue tang,39,39,0.817,HerDet,BtPlDw
Acanthurus coeruleus,5/27/17,LH3,10,2,blue tang,0.0305,3,blue tang,39,39,0.817,HerDet,BtPlDw
Acanthurus coeruleus,5/16/22,LH5,17,1,tang,0.0305,3,blue tang,39,39,0.817,HerDet,BtPlDw
Acanthurus coeruleus,5/16/22,LH5,17,1,blue tang,0.0305,3,blue tang,39,39,0.817,HerDet,BtPlDw
Acanthurus coeruleus,5/23/10,8,7.92,2,tang,0.0305,3,blue tang,39,39,0.817,HerDet,BtPlDw
Acanthurus coeruleus,5/23/10,8,7.92,2,blue tang,0.0305,3,blue tang,39,39,0.817,HerDet,BtPlDw
Acanthurus coeruleus,12/31/22,LH2,19,1,tang,0.0305,3,blue tang,39,39,0.817,HerDet,BtPlDw
Acanthurus coeruleus,12/31/22,LH2,19,1,blue tang,0.0305,3,blue tang,39,39,0.817,HerDet,BtPlDw
Acanthurus coeruleus,5/10/19,2b,7,1,tang,0.0305,3,blue tang,39,39,0.817,HerDet,BtPlDw
Acanthurus coeruleus,5/10/19,2b,7,1,blue tang,0.0305,3,blue tang,39,39,0.817,HerDet,BtPlDw
Acanthurus coeruleus,5/22/16,H4,8,1,tang,0.0305,3,blue tang,39,39,0.817,HerDet,BtPlDw
Acanthurus coeruleus,5/22/16,H4,8,1,blue tang,0.0305,3,blue tang,39,39,0.817,HerDet,BtPlDw
Acanthurus coeruleus,12/31/22,LH6,16,1,tang,0.0305,3,blue tang,39,39,0.817,HerDet,BtPlDw
Acanthurus coeruleus,12/31/22,LH6,16,1,blue tang,0.0305,3,blue tang,39,39,0.817,HerDet,BtPlDw
Acanthurus coeruleus,5/12/19,3d,11,1,tang,0.0305,3,blue tang,39,39,0.817,HerDet,BtPlDw
Acanthurus coeruleus,5/12/19,3d,11,1,blue tang,0.0305,3,blue tang,39,39,0.817,HerDet,BtPlDw
Acanthurus coeruleus,8/15/10,5,5.28,1,tang,0.0305,3,blue tang,39,39,0.817,HerDet,BtPlDw
Acanthurus coeruleus,8/15/10,5,5.28,1,blue tang,0.0305,3,blue tang,39,39,0.817,HerDet,BtPlDw
Acanthurus coeruleus,4/17/10,20,7.92,1,tang,0.0305,3,blue tang,39,39,0.817,HerDet,BtPlDw
Acanthurus coeruleus,4/17/10,20,7.92,1,blue tang,0.0305,3,blue tang,39,39,0.817,HerDet,BtPlDw
Acanthurus coeruleus,3/14/10,18,10.56,1,tang,0.0305,3,blue tang,39,39,0.817,HerDet,BtPlDw
Acanthurus coeruleus,3/14/10,18,10.56,1,blue tang,0.0305,3,blue tang,39,39,0.817,HerDet,BtPlDw
Acanthurus coeruleus,12/31/22,LH4,21,1,tang,0.0305,3,blue tang,39,39,0.817,HerDet,BtPlDw
Acanthurus coeruleus,12/31/22,LH4,21,1,blue tang,0.0305,3,blue tang,39,39,0.817,HerDet,BtPlDw
Acanthurus coeruleus,5/2/22,LH4,20,1,tang,0.0305,3,blue tang,39,39,0.817,HerDet,BtPlDw
Acanthurus coeruleus,5/2/22,LH4,20,1,blue tang,0.0305,3,blue tang,39,39,0.817,HerDet,BtPlDw
Acanthurus coeruleus,2/28/22,LH4,20,1,tang,0.0305,3,blue tang,39,39,0.817,HerDet,BtPlDw
Acanthurus coeruleus,2/28/22,LH4,20,1,blue tang,0.0305,3,blue tang,39,39,0.817,HerDet,BtPlDw
Acanthurus coeruleus,7/2/23,LH5,15,1,tang,0.0305,3,blue tang,39,39,0.817,HerDet,BtPlDw
Acanthurus coeruleus,7/2/23,LH5,15,1,blue tang,0.0305,3,blue tang,39,39,0.817,HerDet,BtPlDw
Acanthurus coeruleus,5/2/22,LH5,11,1,tang,0.0305,3,blue tang,39,39,0.817,HerDet,BtPlDw
Acanthurus coeruleus,5/2/22,LH5,11,1,blue tang,0.0305,3,blue tang,39,39,0.817,HerDet,BtPlDw
Acanthurus coeruleus,4/21/23,LH4,18,1,tang,0.0305,3,blue tang,39,39,0.817,HerDet,BtPlDw
Acanthurus coeruleus,4/21/23,LH4,18,1,blue tang,0.0305,3,blue tang,39,39,0.817,HerDet,BtPlDw
Acanthurus coeruleus,5/27/22,LH4,13,2,tang,0.0305,3,blue tang,39,39,0.817,HerDet,BtPlDw
Acanthurus coeruleus,5/27/22,LH4,13,2,blue tang,0.0305,3,blue tang,39,39,0.817,HerDet,BtPlDw
Acanthurus coeruleus,12/31/22,LH5,21,1,tang,0.0305,3,blue tang,39,39,0.817,HerDet,BtPlDw
Acanthurus coeruleus,12/31/22,LH5,21,1,blue tang,0.0305,3,blue tang,39,39,0.817,HerDet,BtPlDw
Acanthurus coeruleus,5/23/16,H7,5,3,tang,0.0305,3,blue tang,39,39,0.817,HerDet,BtPlDw
Acanthurus coeruleus,5/23/16,H7,5,3,blue tang,0.0305,3,blue tang,39,39,0.817,HerDet,BtPlDw
Acanthurus coeruleus,1/12/10,1,11.88,1,tang,0.0305,3,blue tang,39,39,0.817,HerDet,BtPlDw
Acanthurus coeruleus,1/12/10,1,11.88,1,blue tang,0.0305,3,blue tang,39,39,0.817,HerDet,BtPlDw
Acanthurus coeruleus,8/1/11,5,6.6,1,tang,0.0305,3,blue tang,39,39,0.817,HerDet,BtPlDw
Acanthurus coeruleus,8/1/11,5,6.6,1,blue tang,0.0305,3,blue tang,39,39,0.817,HerDet,BtPlDw
Acanthurus coeruleus,5/24/17,LH1,8,3,tang,0.0305,3,blue tang,39,39,0.817,HerDet,BtPlDw
Acanthurus coeruleus,5/24/17,LH1,8,3,blue tang,0.0305,3,blue tang,39,39,0.817,HerDet,BtPlDw
Acanthurus coeruleus,8/15/10,8,5.28,1,tang,0.0305,3,blue tang,39,39,0.817,HerDet,BtPlDw
Acanthurus coeruleus,8/15/10,8,5.28,1,blue tang,0.0305,3,blue tang,39,39,0.817,HerDet,BtPlDw
Acanthurus coeruleus,5/9/16,2b,8,1,tang,0.0305,3,blue tang,39,39,0.817,HerDet,BtPlDw
Acanthurus coeruleus,5/9/16,2b,8,1,blue tang,0.0305,3,blue tang,39,39,0.817,HerDet,BtPlDw
Acanthurus coeruleus,6/9/13,2d,10,1,tang,0.0305,3,blue tang,39,39,0.817,HerDet,BtPlDw
Acanthurus coeruleus,6/9/13,2d,10,1,blue tang,0.0305,3,blue tang,39,39,0.817,HerDet,BtPlDw
Acanthurus coeruleus,5/23/10,10,7.92,1,tang,0.0305,3,blue tang,39,39,0.817,HerDet,BtPlDw
Acanthurus coeruleus,5/23/10,10,7.92,1,blue tang,0.0305,3,blue tang,39,39,0.817,HerDet,BtPlDw
Acanthurus coeruleus,1/13/10,11,6.6,1,tang,0.0305,3,blue tang,39,39,0.817,HerDet,BtPlDw
Acanthurus coeruleus,1/13/10,11,6.6,1,blue tang,0.0305,3,blue tang,39,39,0.817,HerDet,BtPlDw
Acanthurus coeruleus,6/17/18,H5,8,2,tang,0.0305,3,blue tang,39,39,0.817,HerDet,BtPlDw
Acanthurus coeruleus,6/17/18,H5,8,2,blue tang,0.0305,3,blue tang,39,39,0.817,HerDet,BtPlDw
Acanthurus coeruleus,5/2/22,LH5,17,1,tang,0.0305,3,blue tang,39,39,0.817,HerDet,BtPlDw
Acanthurus coeruleus,5/2/22,LH5,17,1,blue tang,0.0305,3,blue tang,39,39,0.817,HerDet,BtPlDw
Acanthurus coeruleus,5/22/16,H3,17,1,tang,0.0305,3,blue tang,39,39,0.817,HerDet,BtPlDw
Acanthurus coeruleus,5/22/16,H3,17,1,blue tang,0.0305,3,blue tang,39,39,0.817,HerDet,BtPlDw
Acanthurus coeruleus,12/24/22,LH4,17,1,tang,0.0305,3,blue tang,39,39,0.817,HerDet,BtPlDw
Acanthurus coeruleus,12/24/22,LH4,17,1,blue tang,0.0305,3,blue tang,39,39,0.817,HerDet,BtPlDw
Acanthurus coeruleus,4/21/23,LH5,16,1,tang,0.0305,3,blue tang,39,39,0.817,HerDet,BtPlDw
Acanthurus coeruleus,4/21/23,LH5,16,1,blue tang,0.0305,3,blue tang,39,39,0.817,HerDet,BtPlDw
Acanthurus coeruleus,3/14/10,18,9.24,2,tang,0.0305,3,blue tang,39,39,0.817,HerDet,BtPlDw
Acanthurus coeruleus,3/14/10,18,9.24,2,blue tang,0.0305,3,blue tang,39,39,0.817,HerDet,BtPlDw
Acanthurus coeruleus,8/1/11,5,5.28,1,tang,0.0305,3,blue tang,39,39,0.817,HerDet,BtPlDw
Acanthurus coeruleus,8/1/11,5,5.28,1,blue tang,0.0305,3,blue tang,39,39,0.817,HerDet,BtPlDw
Acanthurus coeruleus,12/10/10,9,3.96,1,tang,0.0305,3,blue tang,39,39,0.817,HerDet,BtPlDw
Acanthurus coeruleus,12/10/10,9,3.96,1,blue tang,0.0305,3,blue tang,39,39,0.817,HerDet,BtPlDw
Acanthurus coeruleus,4/20/10,10,7.92,1,tang,0.0305,3,blue tang,39,39,0.817,HerDet,BtPlDw
Acanthurus coeruleus,4/20/10,10,7.92,1,blue tang,0.0305,3,blue tang,39,39,0.817,HerDet,BtPlDw
Acanthurus coeruleus,5/14/16,4c,5,1,tang,0.0305,3,blue tang,39,39,0.817,HerDet,BtPlDw
Acanthurus coeruleus,5/14/16,4c,5,1,blue tang,0.0305,3,blue tang,39,39,0.817,HerDet,BtPlDw
Acanthurus coeruleus,8/1/11,8,5.28,1,tang,0.0305,3,blue tang,39,39,0.817,HerDet,BtPlDw
Acanthurus coeruleus,8/1/11,8,5.28,1,blue tang,0.0305,3,blue tang,39,39,0.817,HerDet,BtPlDw
Acanthurus coeruleus,5/10/19,2b,14,1,tang,0.0305,3,blue tang,39,39,0.817,HerDet,BtPlDw
Acanthurus coeruleus,5/10/19,2b,14,1,blue tang,0.0305,3,blue tang,39,39,0.817,HerDet,BtPlDw
Acanthurus coeruleus,8/15/10,13,11.88,1,tang,0.0305,3,blue tang,39,39,0.817,HerDet,BtPlDw
Acanthurus coeruleus,8/15/10,13,11.88,1,blue tang,0.0305,3,blue tang,39,39,0.817,HerDet,BtPlDw
Acanthurus coeruleus,1/13/10,13,6.6,1,tang,0.0305,3,blue tang,39,39,0.817,HerDet,BtPlDw
Acanthurus coeruleus,1/13/10,13,6.6,1,blue tang,0.0305,3,blue tang,39,39,0.817,HerDet,BtPlDw
Acanthurus coeruleus,12/13/21,LH5,17,1,tang,0.0305,3,blue tang,39,39,0.817,HerDet,BtPlDw
Acanthurus coeruleus,12/13/21,LH5,17,1,blue tang,0.0305,3,blue tang,39,39,0.817,HerDet,BtPlDw
Acanthurus coeruleus,5/11/16,1d,13,1,tang,0.0305,3,blue tang,39,39,0.817,HerDet,BtPlDw
Acanthurus coeruleus,5/11/16,1d,13,1,blue tang,0.0305,3,blue tang,39,39,0.817,HerDet,BtPlDw
Acanthurus coeruleus,4/21/23,LH3,14,1,tang,0.0305,3,blue tang,39,39,0.817,HerDet,BtPlDw
Acanthurus coeruleus,4/21/23,LH3,14,1,blue tang,0.0305,3,blue tang,39,39,0.817,HerDet,BtPlDw
Acanthurus coeruleus,5/22/16,H4,5,1,tang,0.0305,3,blue tang,39,39,0.817,HerDet,BtPlDw
Acanthurus coeruleus,5/22/16,H4,5,1,blue tang,0.0305,3,blue tang,39,39,0.817,HerDet,BtPlDw
Acanthurus coeruleus,3/14/10,8,6.6,2,tang,0.0305,3,blue tang,39,39,0.817,HerDet,BtPlDw
Acanthurus coeruleus,3/14/10,8,6.6,2,blue tang,0.0305,3,blue tang,39,39,0.817,HerDet,BtPlDw
Acanthurus coeruleus,5/27/17,LH3,15,1,tang,0.0305,3,blue tang,39,39,0.817,HerDet,BtPlDw
Acanthurus coeruleus,5/27/17,LH3,15,1,blue tang,0.0305,3,blue tang,39,39,0.817,HerDet,BtPlDw
Acanthurus coeruleus,8/1/11,8,7.92,1,tang,0.0305,3,blue tang,39,39,0.817,HerDet,BtPlDw
Acanthurus coeruleus,8/1/11,8,7.92,1,blue tang,0.0305,3,blue tang,39,39,0.817,HerDet,BtPlDw
Acanthurus coeruleus,7/2/23,LH5,13,1,tang,0.0305,3,blue tang,39,39,0.817,HerDet,BtPlDw
Acanthurus coeruleus,7/2/23,LH5,13,1,blue tang,0.0305,3,blue tang,39,39,0.817,HerDet,BtPlDw
Acanthurus coeruleus,6/17/18,HCR2-Clock A,7,2,tang,0.0305,3,blue tang,39,39,0.817,HerDet,BtPlDw
Acanthurus coeruleus,6/17/18,HCR2-Clock A,7,2,blue tang,0.0305,3,blue tang,39,39,0.817,HerDet,BtPlDw
Acanthurus coeruleus,4/25/23,LH4,14,1,tang,0.0305,3,blue tang,39,39,0.817,HerDet,BtPlDw
Acanthurus coeruleus,4/25/23,LH4,14,1,blue tang,0.0305,3,blue tang,39,39,0.817,HerDet,BtPlDw
Acanthurus coeruleus,5/27/22,LH2,12,1,tang,0.0305,3,blue tang,39,39,0.817,HerDet,BtPlDw
Acanthurus coeruleus,5/27/22,LH2,12,1,blue tang,0.0305,3,blue tang,39,39,0.817,HerDet,BtPlDw
Acanthurus coeruleus,3/2/22,LH5,14,1,tang,0.0305,3,blue tang,39,39,0.817,HerDet,BtPlDw
Acanthurus coeruleus,3/2/22,LH5,14,1,blue tang,0.0305,3,blue tang,39,39,0.817,HerDet,BtPlDw
Acanthurus coeruleus,5/12/16,2d,12,1,tang,0.0305,3,blue tang,39,39,0.817,HerDet,BtPlDw
Acanthurus coeruleus,5/12/16,2d,12,1,blue tang,0.0305,3,blue tang,39,39,0.817,HerDet,BtPlDw
Acanthurus coeruleus,6/22/18,H2,8,1,tang,0.0305,3,blue tang,39,39,0.817,HerDet,BtPlDw
Acanthurus coeruleus,6/22/18,H2,8,1,blue tang,0.0305,3,blue tang,39,39,0.817,HerDet,BtPlDw
Acanthurus coeruleus,12/31/22,LH6,14,1,tang,0.0305,3,blue tang,39,39,0.817,HerDet,BtPlDw
Acanthurus coeruleus,12/31/22,LH6,14,1,blue tang,0.0305,3,blue tang,39,39,0.817,HerDet,BtPlDw
Acanthurus coeruleus,5/21/17,MOW2,14,1,tang,0.0305,3,blue tang,39,39,0.817,HerDet,BtPlDw
Acanthurus coeruleus,5/21/17,MOW2,14,1,blue tang,0.0305,3,blue tang,39,39,0.817,HerDet,BtPlDw
Acanthurus coeruleus,3/2/22,LH6,16,1,tang,0.0305,3,blue tang,39,39,0.817,HerDet,BtPlDw
Acanthurus coeruleus,3/2/22,LH6,16,1,blue tang,0.0305,3,blue tang,39,39,0.817,HerDet,BtPlDw
Acanthurus coeruleus,5/7/16,1d,8,1,tang,0.0305,3,blue tang,39,39,0.817,HerDet,BtPlDw
Acanthurus coeruleus,5/7/16,1d,8,1,blue tang,0.0305,3,blue tang,39,39,0.817,HerDet,BtPlDw
Acanthurus coeruleus,5/23/16,H1,5,1,tang,0.0305,3,blue tang,39,39,0.817,HerDet,BtPlDw
Acanthurus coeruleus,5/23/16,H1,5,1,blue tang,0.0305,3,blue tang,39,39,0.817,HerDet,BtPlDw
Acanthurus coeruleus,8/1/11,11,5.28,1,tang,0.0305,3,blue tang,39,39,0.817,HerDet,BtPlDw
Acanthurus coeruleus,8/1/11,11,5.28,1,blue tang,0.0305,3,blue tang,39,39,0.817,HerDet,BtPlDw
Acanthurus coeruleus,5/24/17,LH1,9,1,tang,0.0305,3,blue tang,39,39,0.817,HerDet,BtPlDw
Acanthurus coeruleus,5/24/17,LH1,9,1,blue tang,0.0305,3,blue tang,39,39,0.817,HerDet,BtPlDw
Acanthurus coeruleus,5/11/16,1b,8,1,tang,0.0305,3,blue tang,39,39,0.817,HerDet,BtPlDw
Acanthurus coeruleus,5/11/16,1b,8,1,blue tang,0.0305,3,blue tang,39,39,0.817,HerDet,BtPlDw
Acanthurus coeruleus,7/7/22,LH4,20,1,tang,0.0305,3,blue tang,39,39,0.817,HerDet,BtPlDw
Acanthurus coeruleus,7/7/22,LH4,20,1,blue tang,0.0305,3,blue tang,39,39,0.817,HerDet,BtPlDw
Acanthurus coeruleus,1/12/10,1,7.92,1,tang,0.0305,3,blue tang,39,39,0.817,HerDet,BtPlDw
Acanthurus coeruleus,1/12/10,1,7.92,1,blue tang,0.0305,3,blue tang,39,39,0.817,HerDet,BtPlDw
Acanthurus coeruleus,8/15/10,5,6.6,1,tang,0.0305,3,blue tang,39,39,0.817,HerDet,BtPlDw
Acanthurus coeruleus,8/15/10,5,6.6,1,blue tang,0.0305,3,blue tang,39,39,0.817,HerDet,BtPlDw
Acanthurus coeruleus,12/20/21,LH5,17,1,tang,0.0305,3,blue tang,39,39,0.817,HerDet,BtPlDw
Acanthurus coeruleus,12/20/21,LH5,17,1,blue tang,0.0305,3,blue tang,39,39,0.817,HerDet,BtPlDw
Acanthurus coeruleus,5/2/22,LH2,6,1,tang,0.0305,3,blue tang,39,39,0.817,HerDet,BtPlDw
Acanthurus coeruleus,5/2/22,LH2,6,1,blue tang,0.0305,3,blue tang,39,39,0.817,HerDet,BtPlDw
Acanthurus coeruleus,3/1/22,LH4,13,1,tang,0.0305,3,blue tang,39,39,0.817,HerDet,BtPlDw
Acanthurus coeruleus,3/1/22,LH4,13,1,blue tang,0.0305,3,blue tang,39,39,0.817,HerDet,BtPlDw
Acanthurus coeruleus,3/14/10,20,7.92,1,tang,0.0305,3,blue tang,39,39,0.817,HerDet,BtPlDw
Acanthurus coeruleus,3/14/10,20,7.92,1,blue tang,0.0305,3,blue tang,39,39,0.817,HerDet,BtPlDw
Acanthurus coeruleus,3/2/22,LH5,15,1,tang,0.0305,3,blue tang,39,39,0.817,HerDet,BtPlDw
Acanthurus coeruleus,3/2/22,LH5,15,1,blue tang,0.0305,3,blue tang,39,39,0.817,HerDet,BtPlDw
Acanthurus coeruleus,5/20/18,MOW2,8,1,tang,0.0305,3,blue tang,39,39,0.817,HerDet,BtPlDw
Acanthurus coeruleus,5/20/18,MOW2,8,1,blue tang,0.0305,3,blue tang,39,39,0.817,HerDet,BtPlDw
Acanthurus coeruleus,7/7/22,LH6,4,1,tang,0.0305,3,blue tang,39,39,0.817,HerDet,BtPlDw
Acanthurus coeruleus,7/7/22,LH6,4,1,blue tang,0.0305,3,blue tang,39,39,0.817,HerDet,BtPlDw
Acanthurus coeruleus,4/29/10,19,6.6,1,tang,0.0305,3,blue tang,39,39,0.817,HerDet,BtPlDw
Acanthurus coeruleus,4/29/10,19,6.6,1,blue tang,0.0305,3,blue tang,39,39,0.817,HerDet,BtPlDw
Acanthurus coeruleus,6/22/18,H3,9,1,tang,0.0305,3,blue tang,39,39,0.817,HerDet,BtPlDw
Acanthurus coeruleus,6/22/18,H3,9,1,blue tang,0.0305,3,blue tang,39,39,0.817,HerDet,BtPlDw
Acanthurus coeruleus,5/10/16,4c,5,1,tang,0.0305,3,blue tang,39,39,0.817,HerDet,BtPlDw
Acanthurus coeruleus,5/10/16,4c,5,1,blue tang,0.0305,3,blue tang,39,39,0.817,HerDet,BtPlDw
Acanthurus coeruleus,5/23/10,1,6.6,1,tang,0.0305,3,blue tang,39,39,0.817,HerDet,BtPlDw
Acanthurus coeruleus,5/23/10,1,6.6,1,blue tang,0.0305,3,blue tang,39,39,0.817,HerDet,BtPlDw
Acanthurus coeruleus,6/5/18,H6,8,2,tang,0.0305,3,blue tang,39,39,0.817,HerDet,BtPlDw
Acanthurus coeruleus,6/5/18,H6,8,2,blue tang,0.0305,3,blue tang,39,39,0.817,HerDet,BtPlDw
Acanthurus coeruleus,5/23/10,1,10.56,1,tang,0.0305,3,blue tang,39,39,0.817,HerDet,BtPlDw
Acanthurus coeruleus,5/23/10,1,10.56,1,blue tang,0.0305,3,blue tang,39,39,0.817,HerDet,BtPlDw
Acanthurus coeruleus,4/20/10,8,9.24,1,tang,0.0305,3,blue tang,39,39,0.817,HerDet,BtPlDw
Acanthurus coeruleus,4/20/10,8,9.24,1,blue tang,0.0305,3,blue tang,39,39,0.817,HerDet,BtPlDw
Acanthurus coeruleus,3/1/22,LH5,16,1,tang,0.0305,3,blue tang,39,39,0.817,HerDet,BtPlDw
Acanthurus coeruleus,3/1/22,LH5,16,1,blue tang,0.0305,3,blue tang,39,39,0.817,HerDet,BtPlDw
Acanthurus coeruleus,3/14/10,5,5.28,2,tang,0.0305,3,blue tang,39,39,0.817,HerDet,BtPlDw
Acanthurus coeruleus,3/14/10,5,5.28,2,blue tang,0.0305,3,blue tang,39,39,0.817,HerDet,BtPlDw
Acanthurus coeruleus,5/16/22,LH4,14,5,tang,0.0305,3,blue tang,39,39,0.817,HerDet,BtPlDw
Acanthurus coeruleus,5/16/22,LH4,14,5,blue tang,0.0305,3,blue tang,39,39,0.817,HerDet,BtPlDw
Acanthurus coeruleus,5/23/16,H7,6,1,tang,0.0305,3,blue tang,39,39,0.817,HerDet,BtPlDw
Acanthurus coeruleus,5/23/16,H7,6,1,blue tang,0.0305,3,blue tang,39,39,0.817,HerDet,BtPlDw
Acanthurus coeruleus,6/22/18,H2,6,1,tang,0.0305,3,blue tang,39,39,0.817,HerDet,BtPlDw
Acanthurus coeruleus,6/22/18,H2,6,1,blue tang,0.0305,3,blue tang,39,39,0.817,HerDet,BtPlDw
Acanthurus coeruleus,5/2/22,LH4,14,2,tang,0.0305,3,blue tang,39,39,0.817,HerDet,BtPlDw
Acanthurus coeruleus,5/2/22,LH4,14,2,blue tang,0.0305,3,blue tang,39,39,0.817,HerDet,BtPlDw
Acanthurus coeruleus,2/28/22,LH6,15,1,tang,0.0305,3,blue tang,39,39,0.817,HerDet,BtPlDw
Acanthurus coeruleus,2/28/22,LH6,15,1,blue tang,0.0305,3,blue tang,39,39,0.817,HerDet,BtPlDw
Acanthurus coeruleus,5/2/22,LH4,17,1,tang,0.0305,3,blue tang,39,39,0.817,HerDet,BtPlDw
Acanthurus coeruleus,5/2/22,LH4,17,1,blue tang,0.0305,3,blue tang,39,39,0.817,HerDet,BtPlDw
Acanthurus coeruleus,1/12/10,18,9.24,1,tang,0.0305,3,blue tang,39,39,0.817,HerDet,BtPlDw
Acanthurus coeruleus,1/12/10,18,9.24,1,blue tang,0.0305,3,blue tang,39,39,0.817,HerDet,BtPlDw
Acanthurus coeruleus,4/21/23,LH4,20,1,tang,0.0305,3,blue tang,39,39,0.817,HerDet,BtPlDw
Acanthurus coeruleus,4/21/23,LH4,20,1,blue tang,0.0305,3,blue tang,39,39,0.817,HerDet,BtPlDw
Acanthurus coeruleus,5/7/16,2b,16,1,tang,0.0305,3,blue tang,39,39,0.817,HerDet,BtPlDw
Acanthurus coeruleus,5/7/16,2b,16,1,blue tang,0.0305,3,blue tang,39,39,0.817,HerDet,BtPlDw
Acanthurus coeruleus,8/15/10,8,10.56,1,tang,0.0305,3,blue tang,39,39,0.817,HerDet,BtPlDw
Acanthurus coeruleus,8/15/10,8,10.56,1,blue tang,0.0305,3,blue tang,39,39,0.817,HerDet,BtPlDw
Acanthurus coeruleus,5/27/22,LH2,14,1,tang,0.0305,3,blue tang,39,39,0.817,HerDet,BtPlDw
Acanthurus coeruleus,5/27/22,LH2,14,1,blue tang,0.0305,3,blue tang,39,39,0.817,HerDet,BtPlDw
Acanthurus coeruleus,8/1/11,1,6.6,3,tang,0.0305,3,blue tang,39,39,0.817,HerDet,BtPlDw
Acanthurus coeruleus,8/1/11,1,6.6,3,blue tang,0.0305,3,blue tang,39,39,0.817,HerDet,BtPlDw
Acanthurus coeruleus,12/20/21,LH5,8,1,tang,0.0305,3,blue tang,39,39,0.817,HerDet,BtPlDw
Acanthurus coeruleus,12/20/21,LH5,8,1,blue tang,0.0305,3,blue tang,39,39,0.817,HerDet,BtPlDw
Acanthurus coeruleus,5/7/16,1d,18,1,tang,0.0305,3,blue tang,39,39,0.817,HerDet,BtPlDw
Acanthurus coeruleus,5/7/16,1d,18,1,blue tang,0.0305,3,blue tang,39,39,0.817,HerDet,BtPlDw
Acanthurus coeruleus,2/28/22,LH5,14,1,tang,0.0305,3,blue tang,39,39,0.817,HerDet,BtPlDw
Acanthurus coeruleus,2/28/22,LH5,14,1,blue tang,0.0305,3,blue tang,39,39,0.817,HerDet,BtPlDw
Acanthurus coeruleus,6/22/18,H3,6,1,tang,0.0305,3,blue tang,39,39,0.817,HerDet,BtPlDw
Acanthurus coeruleus,6/22/18,H3,6,1,blue tang,0.0305,3,blue tang,39,39,0.817,HerDet,BtPlDw
Acanthurus coeruleus,1/13/10,14,15.84,1,tang,0.0305,3,blue tang,39,39,0.817,HerDet,BtPlDw
Acanthurus coeruleus,1/13/10,14,15.84,1,blue tang,0.0305,3,blue tang,39,39,0.817,HerDet,BtPlDw
Acanthurus coeruleus,6/13/19,4c,5,1,tang,0.0305,3,blue tang,39,39,0.817,HerDet,BtPlDw
Acanthurus coeruleus,6/13/19,4c,5,1,blue tang,0.0305,3,blue tang,39,39,0.817,HerDet,BtPlDw
Acanthurus coeruleus,3/14/10,13,3.96,1,tang,0.0305,3,blue tang,39,39,0.817,HerDet,BtPlDw
Acanthurus coeruleus,3/14/10,13,3.96,1,blue tang,0.0305,3,blue tang,39,39,0.817,HerDet,BtPlDw
Acanthurus coeruleus,5/9/16,2d,10,1,tang,0.0305,3,blue tang,39,39,0.817,HerDet,BtPlDw
Acanthurus coeruleus,5/9/16,2d,10,1,blue tang,0.0305,3,blue tang,39,39,0.817,HerDet,BtPlDw
Acanthurus coeruleus,4/29/10,14,6.6,1,tang,0.0305,3,blue tang,39,39,0.817,HerDet,BtPlDw
Acanthurus coeruleus,4/29/10,14,6.6,1,blue tang,0.0305,3,blue tang,39,39,0.817,HerDet,BtPlDw
Acanthurus coeruleus,8/15/10,8,21.12,1,tang,0.0305,3,blue tang,39,39,0.817,HerDet,BtPlDw
Acanthurus coeruleus,8/15/10,8,21.12,1,blue tang,0.0305,3,blue tang,39,39,0.817,HerDet,BtPlDw
Acanthurus coeruleus,8/1/11,19,5.28,1,tang,0.0305,3,blue tang,39,39,0.817,HerDet,BtPlDw
Acanthurus coeruleus,8/1/11,19,5.28,1,blue tang,0.0305,3,blue tang,39,39,0.817,HerDet,BtPlDw
Acanthurus coeruleus,6/5/18,H5,4,1,tang,0.0305,3,blue tang,39,39,0.817,HerDet,BtPlDw
Acanthurus coeruleus,6/5/18,H5,4,1,blue tang,0.0305,3,blue tang,39,39,0.817,HerDet,BtPlDw
Acanthurus coeruleus,12/10/10,5,3.96,1,tang,0.0305,3,blue tang,39,39,0.817,HerDet,BtPlDw
Acanthurus coeruleus,12/10/10,5,3.96,1,blue tang,0.0305,3,blue tang,39,39,0.817,HerDet,BtPlDw
Acanthurus coeruleus,3/14/10,8,18.48,1,tang,0.0305,3,blue tang,39,39,0.817,HerDet,BtPlDw
Acanthurus coeruleus,3/14/10,8,18.48,1,blue tang,0.0305,3,blue tang,39,39,0.817,HerDet,BtPlDw
Acanthurus coeruleus,7/7/22,LH4,14,1,tang,0.0305,3,blue tang,39,39,0.817,HerDet,BtPlDw
Acanthurus coeruleus,7/7/22,LH4,14,1,blue tang,0.0305,3,blue tang,39,39,0.817,HerDet,BtPlDw
Acanthurus coeruleus,6/17/18,H6,4,1,tang,0.0305,3,blue tang,39,39,0.817,HerDet,BtPlDw
Acanthurus coeruleus,6/17/18,H6,4,1,blue tang,0.0305,3,blue tang,39,39,0.817,HerDet,BtPlDw
Acanthurus coeruleus,7/7/22,LH4,12,1,tang,0.0305,3,blue tang,39,39,0.817,HerDet,BtPlDw
Acanthurus coeruleus,7/7/22,LH4,12,1,blue tang,0.0305,3,blue tang,39,39,0.817,HerDet,BtPlDw
Acanthurus coeruleus,6/17/18,HCR2-Busted,5,1,tang,0.0305,3,blue tang,39,39,0.817,HerDet,BtPlDw
Acanthurus coeruleus,6/17/18,HCR2-Busted,5,1,blue tang,0.0305,3,blue tang,39,39,0.817,HerDet,BtPlDw
Acanthurus coeruleus,5/22/16,H6,6,2,tang,0.0305,3,blue tang,39,39,0.817,HerDet,BtPlDw
Acanthurus coeruleus,5/22/16,H6,6,2,blue tang,0.0305,3,blue tang,39,39,0.817,HerDet,BtPlDw
Acanthurus coeruleus,4/20/10,8,15.84,1,tang,0.0305,3,blue tang,39,39,0.817,HerDet,BtPlDw
Acanthurus coeruleus,4/20/10,8,15.84,1,blue tang,0.0305,3,blue tang,39,39,0.817,HerDet,BtPlDw
Acanthurus coeruleus,5/26/13,2d,10,1,tang,0.0305,3,blue tang,39,39,0.817,HerDet,BtPlDw
Acanthurus coeruleus,5/26/13,2d,10,1,blue tang,0.0305,3,blue tang,39,39,0.817,HerDet,BtPlDw
Acanthurus coeruleus,8/1/11,8,18.48,1,tang,0.0305,3,blue tang,39,39,0.817,HerDet,BtPlDw
Acanthurus coeruleus,8/1/11,8,18.48,1,blue tang,0.0305,3,blue tang,39,39,0.817,HerDet,BtPlDw
Acanthurus coeruleus,12/20/21,LH4,22,1,tang,0.0305,3,blue tang,39,39,0.817,HerDet,BtPlDw
Acanthurus coeruleus,12/20/21,LH4,22,1,blue tang,0.0305,3,blue tang,39,39,0.817,HerDet,BtPlDw
Acanthurus coeruleus,5/11/16,1d,14,1,tang,0.0305,3,blue tang,39,39,0.817,HerDet,BtPlDw
Acanthurus coeruleus,5/11/16,1d,14,1,blue tang,0.0305,3,blue tang,39,39,0.817,HerDet,BtPlDw
Acanthurus coeruleus,6/22/18,H4,6,1,tang,0.0305,3,blue tang,39,39,0.817,HerDet,BtPlDw
Acanthurus coeruleus,6/22/18,H4,6,1,blue tang,0.0305,3,blue tang,39,39,0.817,HerDet,BtPlDw
Acanthurus coeruleus,5/1/11,4,10.56,1,tang,0.0305,3,blue tang,39,39,0.817,HerDet,BtPlDw
Acanthurus coeruleus,5/1/11,4,10.56,1,blue tang,0.0305,3,blue tang,39,39,0.817,HerDet,BtPlDw
Acanthurus coeruleus,7/2/23,LH4,17,1,tang,0.0305,3,blue tang,39,39,0.817,HerDet,BtPlDw
Acanthurus coeruleus,7/2/23,LH4,17,1,blue tang,0.0305,3,blue tang,39,39,0.817,HerDet,BtPlDw
Acanthurus coeruleus,4/24/23,LH4,7,1,tang,0.0305,3,blue tang,39,39,0.817,HerDet,BtPlDw
Acanthurus coeruleus,4/24/23,LH4,7,1,blue tang,0.0305,3,blue tang,39,39,0.817,HerDet,BtPlDw
Acanthurus coeruleus,3/14/10,5,7.92,1,tang,0.0305,3,blue tang,39,39,0.817,HerDet,BtPlDw
Acanthurus coeruleus,3/14/10,5,7.92,1,blue tang,0.0305,3,blue tang,39,39,0.817,HerDet,BtPlDw
Acanthurus coeruleus,5/10/19,2b,11,1,tang,0.0305,3,blue tang,39,39,0.817,HerDet,BtPlDw
Acanthurus coeruleus,5/10/19,2b,11,1,blue tang,0.0305,3,blue tang,39,39,0.817,HerDet,BtPlDw
Acanthurus coeruleus,4/20/10,8,11.88,1,tang,0.0305,3,blue tang,39,39,0.817,HerDet,BtPlDw
Acanthurus coeruleus,4/20/10,8,11.88,1,blue tang,0.0305,3,blue tang,39,39,0.817,HerDet,BtPlDw
Acanthurus coeruleus,3/2/22,LH6,18,1,tang,0.0305,3,blue tang,39,39,0.817,HerDet,BtPlDw
Acanthurus coeruleus,3/2/22,LH6,18,1,blue tang,0.0305,3,blue tang,39,39,0.817,HerDet,BtPlDw
Acanthurus coeruleus,4/22/10,5,10.56,2,tang,0.0305,3,blue tang,39,39,0.817,HerDet,BtPlDw
Acanthurus coeruleus,4/22/10,5,10.56,2,blue tang,0.0305,3,blue tang,39,39,0.817,HerDet,BtPlDw
Acanthurus coeruleus,1/12/10,5,13.2,1,tang,0.0305,3,blue tang,39,39,0.817,HerDet,BtPlDw
Acanthurus coeruleus,1/12/10,5,13.2,1,blue tang,0.0305,3,blue tang,39,39,0.817,HerDet,BtPlDw
Acanthurus coeruleus,5/21/18,LH3,12,2,tang,0.0305,3,blue tang,39,39,0.817,HerDet,BtPlDw
Acanthurus coeruleus,5/21/18,LH3,12,2,blue tang,0.0305,3,blue tang,39,39,0.817,HerDet,BtPlDw
Acanthurus coeruleus,5/12/19,1d,18,2,tang,0.0305,3,blue tang,39,39,0.817,HerDet,BtPlDw
Acanthurus coeruleus,5/12/19,1d,18,2,blue tang,0.0305,3,blue tang,39,39,0.817,HerDet,BtPlDw
Acanthurus coeruleus,1/13/10,20,6.6,1,tang,0.0305,3,blue tang,39,39,0.817,HerDet,BtPlDw
Acanthurus coeruleus,1/13/10,20,6.6,1,blue tang,0.0305,3,blue tang,39,39,0.817,HerDet,BtPlDw
Acanthurus coeruleus,5/27/22,LH4,14,1,tang,0.0305,3,blue tang,39,39,0.817,HerDet,BtPlDw
Acanthurus coeruleus,5/27/22,LH4,14,1,blue tang,0.0305,3,blue tang,39,39,0.817,HerDet,BtPlDw
Acanthurus coeruleus,6/22/18,H3,15,1,tang,0.0305,3,blue tang,39,39,0.817,HerDet,BtPlDw
Acanthurus coeruleus,6/22/18,H3,15,1,blue tang,0.0305,3,blue tang,39,39,0.817,HerDet,BtPlDw
Acanthurus coeruleus,6/17/18,HCR2-Clock A,11,1,tang,0.0305,3,blue tang,39,39,0.817,HerDet,BtPlDw
Acanthurus coeruleus,6/17/18,HCR2-Clock A,11,1,blue tang,0.0305,3,blue tang,39,39,0.817,HerDet,BtPlDw
Acanthurus coeruleus,3/14/10,14,7.92,1,tang,0.0305,3,blue tang,39,39,0.817,HerDet,BtPlDw
Acanthurus coeruleus,3/14/10,14,7.92,1,blue tang,0.0305,3,blue tang,39,39,0.817,HerDet,BtPlDw
Acanthurus coeruleus,5/16/22,LH2,13,1,tang,0.0305,3,blue tang,39,39,0.817,HerDet,BtPlDw
Acanthurus coeruleus,5/16/22,LH2,13,1,blue tang,0.0305,3,blue tang,39,39,0.817,HerDet,BtPlDw
Acanthurus coeruleus,7/7/22,LH6,15,2,tang,0.0305,3,blue tang,39,39,0.817,HerDet,BtPlDw
Acanthurus coeruleus,7/7/22,LH6,15,2,blue tang,0.0305,3,blue tang,39,39,0.817,HerDet,BtPlDw
Acanthurus coeruleus,5/16/22,LH5,14,1,tang,0.0305,3,blue tang,39,39,0.817,HerDet,BtPlDw
Acanthurus coeruleus,5/16/22,LH5,14,1,blue tang,0.0305,3,blue tang,39,39,0.817,HerDet,BtPlDw
Acanthurus coeruleus,4/21/23,LH4,16,1,tang,0.0305,3,blue tang,39,39,0.817,HerDet,BtPlDw
Acanthurus coeruleus,4/21/23,LH4,16,1,blue tang,0.0305,3,blue tang,39,39,0.817,HerDet,BtPlDw
Acanthurus coeruleus,12/24/22,LH4,15,1,tang,0.0305,3,blue tang,39,39,0.817,HerDet,BtPlDw
Acanthurus coeruleus,12/24/22,LH4,15,1,blue tang,0.0305,3,blue tang,39,39,0.817,HerDet,BtPlDw
Acanthurus coeruleus,5/10/19,2b,5,1,tang,0.0305,3,blue tang,39,39,0.817,HerDet,BtPlDw
Acanthurus coeruleus,5/10/19,2b,5,1,blue tang,0.0305,3,blue tang,39,39,0.817,HerDet,BtPlDw
Acanthurus coeruleus,1/12/10,5,3.96,1,tang,0.0305,3,blue tang,39,39,0.817,HerDet,BtPlDw
Acanthurus coeruleus,1/12/10,5,3.96,1,blue tang,0.0305,3,blue tang,39,39,0.817,HerDet,BtPlDw
Acanthurus coeruleus,3/14/10,20,5.28,1,tang,0.0305,3,blue tang,39,39,0.817,HerDet,BtPlDw
Acanthurus coeruleus,3/14/10,20,5.28,1,blue tang,0.0305,3,blue tang,39,39,0.817,HerDet,BtPlDw
Acanthurus coeruleus,3/2/22,LH4,13,1,tang,0.0305,3,blue tang,39,39,0.817,HerDet,BtPlDw
Acanthurus coeruleus,3/2/22,LH4,13,1,blue tang,0.0305,3,blue tang,39,39,0.817,HerDet,BtPlDw
Acanthurus coeruleus,6/17/18,HCR2-Clock A,4,1,tang,0.0305,3,blue tang,39,39,0.817,HerDet,BtPlDw
Acanthurus coeruleus,6/17/18,HCR2-Clock A,4,1,blue tang,0.0305,3,blue tang,39,39,0.817,HerDet,BtPlDw
Acanthurus coeruleus,7/2/23,LH5,6,1,tang,0.0305,3,blue tang,39,39,0.817,HerDet,BtPlDw
Acanthurus coeruleus,7/2/23,LH5,6,1,blue tang,0.0305,3,blue tang,39,39,0.817,HerDet,BtPlDw
Acanthurus coeruleus,8/15/10,8,23.76,1,tang,0.0305,3,blue tang,39,39,0.817,HerDet,BtPlDw
Acanthurus coeruleus,8/15/10,8,23.76,1,blue tang,0.0305,3,blue tang,39,39,0.817,HerDet,BtPlDw
Acanthurus coeruleus,3/1/22,LH4,12,1,tang,0.0305,3,blue tang,39,39,0.817,HerDet,BtPlDw
Acanthurus coeruleus,3/1/22,LH4,12,1,blue tang,0.0305,3,blue tang,39,39,0.817,HerDet,BtPlDw
Acanthurus coeruleus,5/23/10,14,5.28,1,tang,0.0305,3,blue tang,39,39,0.817,HerDet,BtPlDw
Acanthurus coeruleus,5/23/10,14,5.28,1,blue tang,0.0305,3,blue tang,39,39,0.817,HerDet,BtPlDw
Acanthurus coeruleus,5/13/16,4c,5,1,tang,0.0305,3,blue tang,39,39,0.817,HerDet,BtPlDw
Acanthurus coeruleus,5/13/16,4c,5,1,blue tang,0.0305,3,blue tang,39,39,0.817,HerDet,BtPlDw
Acanthurus coeruleus,5/1/11,8,15.84,1,tang,0.0305,3,blue tang,39,39,0.817,HerDet,BtPlDw
Acanthurus coeruleus,5/1/11,8,15.84,1,blue tang,0.0305,3,blue tang,39,39,0.817,HerDet,BtPlDw
Acanthurus coeruleus,12/31/22,LH4,10,1,tang,0.0305,3,blue tang,39,39,0.817,HerDet,BtPlDw
Acanthurus coeruleus,12/31/22,LH4,10,1,blue tang,0.0305,3,blue tang,39,39,0.817,HerDet,BtPlDw
Acanthurus coeruleus,6/17/18,HCR2-Clock B,5,1,tang,0.0305,3,blue tang,39,39,0.817,HerDet,BtPlDw
Acanthurus coeruleus,6/17/18,HCR2-Clock B,5,1,blue tang,0.0305,3,blue tang,39,39,0.817,HerDet,BtPlDw
Acanthurus coeruleus,5/9/16,4c,5,1,tang,0.0305,3,blue tang,39,39,0.817,HerDet,BtPlDw
Acanthurus coeruleus,5/9/16,4c,5,1,blue tang,0.0305,3,blue tang,39,39,0.817,HerDet,BtPlDw
Acanthurus coeruleus,5/27/22,LH4,9,1,tang,0.0305,3,blue tang,39,39,0.817,HerDet,BtPlDw
Acanthurus coeruleus,5/27/22,LH4,9,1,blue tang,0.0305,3,blue tang,39,39,0.817,HerDet,BtPlDw
Acanthurus coeruleus,12/10/10,13,6.6,1,tang,0.0305,3,blue tang,39,39,0.817,HerDet,BtPlDw
Acanthurus coeruleus,12/10/10,13,6.6,1,blue tang,0.0305,3,blue tang,39,39,0.817,HerDet,BtPlDw
Acanthurus coeruleus,12/31/22,LH4,22,1,tang,0.0305,3,blue tang,39,39,0.817,HerDet,BtPlDw
Acanthurus coeruleus,12/31/22,LH4,22,1,blue tang,0.0305,3,blue tang,39,39,0.817,HerDet,BtPlDw
Acanthurus coeruleus,5/27/22,LH5,17,1,tang,0.0305,3,blue tang,39,39,0.817,HerDet,BtPlDw
Acanthurus coeruleus,5/27/22,LH5,17,1,blue tang,0.0305,3,blue tang,39,39,0.817,HerDet,BtPlDw
Acanthurus coeruleus,3/14/10,18,5.28,1,tang,0.0305,3,blue tang,39,39,0.817,HerDet,BtPlDw
Acanthurus coeruleus,3/14/10,18,5.28,1,blue tang,0.0305,3,blue tang,39,39,0.817,HerDet,BtPlDw
Acanthurus coeruleus,4/29/10,19,10.56,1,tang,0.0305,3,blue tang,39,39,0.817,HerDet,BtPlDw
Acanthurus coeruleus,4/29/10,19,10.56,1,blue tang,0.0305,3,blue tang,39,39,0.817,HerDet,BtPlDw
Acanthurus coeruleus,5/13/19,4b,25,1,tang,0.0305,3,blue tang,39,39,0.817,HerDet,BtPlDw
Acanthurus coeruleus,5/13/19,4b,25,1,blue tang,0.0305,3,blue tang,39,39,0.817,HerDet,BtPlDw
Acanthurus coeruleus,7/2/23,LH4,19,1,tang,0.0305,3,blue tang,39,39,0.817,HerDet,BtPlDw
Acanthurus coeruleus,7/2/23,LH4,19,1,blue tang,0.0305,3,blue tang,39,39,0.817,HerDet,BtPlDw
Acanthurus coeruleus,5/9/16,2b,12,2,tang,0.0305,3,blue tang,39,39,0.817,HerDet,BtPlDw
Acanthurus coeruleus,5/9/16,2b,12,2,blue tang,0.0305,3,blue tang,39,39,0.817,HerDet,BtPlDw
Acanthurus coeruleus,1/12/10,5,15.84,1,tang,0.0305,3,blue tang,39,39,0.817,HerDet,BtPlDw
Acanthurus coeruleus,1/12/10,5,15.84,1,blue tang,0.0305,3,blue tang,39,39,0.817,HerDet,BtPlDw
Acanthurus coeruleus,5/23/10,20,5.28,1,tang,0.0305,3,blue tang,39,39,0.817,HerDet,BtPlDw
Acanthurus coeruleus,5/23/10,20,5.28,1,blue tang,0.0305,3,blue tang,39,39,0.817,HerDet,BtPlDw
Acanthurus coeruleus,5/7/16,2b,8,1,tang,0.0305,3,blue tang,39,39,0.817,HerDet,BtPlDw
Acanthurus coeruleus,5/7/16,2b,8,1,blue tang,0.0305,3,blue tang,39,39,0.817,HerDet,BtPlDw
Acanthurus coeruleus,4/21/23,LH2,16,1,tang,0.0305,3,blue tang,39,39,0.817,HerDet,BtPlDw
Acanthurus coeruleus,4/21/23,LH2,16,1,blue tang,0.0305,3,blue tang,39,39,0.817,HerDet,BtPlDw
Acanthurus coeruleus,3/14/10,8,5.28,3,tang,0.0305,3,blue tang,39,39,0.817,HerDet,BtPlDw
Acanthurus coeruleus,3/14/10,8,5.28,3,blue tang,0.0305,3,blue tang,39,39,0.817,HerDet,BtPlDw
Acanthurus coeruleus,5/16/22,LH2,8,1,tang,0.0305,3,blue tang,39,39,0.817,HerDet,BtPlDw
Acanthurus coeruleus,5/16/22,LH2,8,1,blue tang,0.0305,3,blue tang,39,39,0.817,HerDet,BtPlDw
Acanthurus coeruleus,5/5/16,2b,13,1,tang,0.0305,3,blue tang,39,39,0.817,HerDet,BtPlDw
Acanthurus coeruleus,5/5/16,2b,13,1,blue tang,0.0305,3,blue tang,39,39,0.817,HerDet,BtPlDw
Acanthurus coeruleus,6/17/18,HCR2-Clock A,15,1,tang,0.0305,3,blue tang,39,39,0.817,HerDet,BtPlDw
Acanthurus coeruleus,6/17/18,HCR2-Clock A,15,1,blue tang,0.0305,3,blue tang,39,39,0.817,HerDet,BtPlDw
Acanthurus coeruleus,12/31/22,LH4,20,1,tang,0.0305,3,blue tang,39,39,0.817,HerDet,BtPlDw
Acanthurus coeruleus,12/31/22,LH4,20,1,blue tang,0.0305,3,blue tang,39,39,0.817,HerDet,BtPlDw
Acanthurus coeruleus,5/12/16,2b,8,1,tang,0.0305,3,blue tang,39,39,0.817,HerDet,BtPlDw
Acanthurus coeruleus,5/12/16,2b,8,1,blue tang,0.0305,3,blue tang,39,39,0.817,HerDet,BtPlDw
Acanthurus coeruleus,4/25/23,LH5,9,1,tang,0.0305,3,blue tang,39,39,0.817,HerDet,BtPlDw
Acanthurus coeruleus,4/25/23,LH5,9,1,blue tang,0.0305,3,blue tang,39,39,0.817,HerDet,BtPlDw
Acanthurus coeruleus,5/23/10,13,5.28,2,tang,0.0305,3,blue tang,39,39,0.817,HerDet,BtPlDw
Acanthurus coeruleus,5/23/10,13,5.28,2,blue tang,0.0305,3,blue tang,39,39,0.817,HerDet,BtPlDw
Acanthurus coeruleus,6/13/19,3a,5,1,tang,0.0305,3,blue tang,39,39,0.817,HerDet,BtPlDw
Acanthurus coeruleus,6/13/19,3a,5,1,blue tang,0.0305,3,blue tang,39,39,0.817,HerDet,BtPlDw
Acanthurus coeruleus,5/9/16,1b,5,1,tang,0.0305,3,blue tang,39,39,0.817,HerDet,BtPlDw
Acanthurus coeruleus,5/9/16,1b,5,1,blue tang,0.0305,3,blue tang,39,39,0.817,HerDet,BtPlDw
Acanthurus coeruleus,6/9/13,1d,10,1,tang,0.0305,3,blue tang,39,39,0.817,HerDet,BtPlDw
Acanthurus coeruleus,6/9/13,1d,10,1,blue tang,0.0305,3,blue tang,39,39,0.817,HerDet,BtPlDw
Acanthurus coeruleus,8/1/11,19,6.6,1,tang,0.0305,3,blue tang,39,39,0.817,HerDet,BtPlDw
Acanthurus coeruleus,8/1/11,19,6.6,1,blue tang,0.0305,3,blue tang,39,39,0.817,HerDet,BtPlDw
Acanthurus coeruleus,12/24/22,LH4,19,1,tang,0.0305,3,blue tang,39,39,0.817,HerDet,BtPlDw
Acanthurus coeruleus,12/24/22,LH4,19,1,blue tang,0.0305,3,blue tang,39,39,0.817,HerDet,BtPlDw
Acanthurus coeruleus,2/28/22,LH1,13,1,tang,0.0305,3,blue tang,39,39,0.817,HerDet,BtPlDw
Acanthurus coeruleus,2/28/22,LH1,13,1,blue tang,0.0305,3,blue tang,39,39,0.817,HerDet,BtPlDw
Acanthurus coeruleus,12/10/10,8,18.48,1,tang,0.0305,3,blue tang,39,39,0.817,HerDet,BtPlDw
Acanthurus coeruleus,12/10/10,8,18.48,1,blue tang,0.0305,3,blue tang,39,39,0.817,HerDet,BtPlDw
Acanthurus coeruleus,2/28/22,LH2,15,1,tang,0.0305,3,blue tang,39,39,0.817,HerDet,BtPlDw
Acanthurus coeruleus,2/28/22,LH2,15,1,blue tang,0.0305,3,blue tang,39,39,0.817,HerDet,BtPlDw
Acanthurus coeruleus,5/23/10,14,7.92,1,tang,0.0305,3,blue tang,39,39,0.817,HerDet,BtPlDw
Acanthurus coeruleus,5/23/10,14,7.92,1,blue tang,0.0305,3,blue tang,39,39,0.817,HerDet,BtPlDw
Acanthurus coeruleus,12/10/10,18,3.96,1,tang,0.0305,3,blue tang,39,39,0.817,HerDet,BtPlDw
Acanthurus coeruleus,12/10/10,18,3.96,1,blue tang,0.0305,3,blue tang,39,39,0.817,HerDet,BtPlDw
Acanthurus coeruleus,5/23/10,8,13.2,1,tang,0.0305,3,blue tang,39,39,0.817,HerDet,BtPlDw
Acanthurus coeruleus,5/23/10,8,13.2,1,blue tang,0.0305,3,blue tang,39,39,0.817,HerDet,BtPlDw
Acanthurus coeruleus,7/7/22,LH5,14,1,tang,0.0305,3,blue tang,39,39,0.817,HerDet,BtPlDw
Acanthurus coeruleus,7/7/22,LH5,14,1,blue tang,0.0305,3,blue tang,39,39,0.817,HerDet,BtPlDw
Acanthurus coeruleus,6/13/19,2b,5,1,tang,0.0305,3,blue tang,39,39,0.817,HerDet,BtPlDw
Acanthurus coeruleus,6/13/19,2b,5,1,blue tang,0.0305,3,blue tang,39,39,0.817,HerDet,BtPlDw
Acanthurus coeruleus,5/27/22,LH4,20,1,tang,0.0305,3,blue tang,39,39,0.817,HerDet,BtPlDw
Acanthurus coeruleus,5/27/22,LH4,20,1,blue tang,0.0305,3,blue tang,39,39,0.817,HerDet,BtPlDw
Acanthurus coeruleus,5/7/16,2d,11,1,tang,0.0305,3,blue tang,39,39,0.817,HerDet,BtPlDw
Acanthurus coeruleus,5/7/16,2d,11,1,blue tang,0.0305,3,blue tang,39,39,0.817,HerDet,BtPlDw
Acanthurus coeruleus,5/21/17,MOW3,16,1,tang,0.0305,3,blue tang,39,39,0.817,HerDet,BtPlDw
Acanthurus coeruleus,5/21/17,MOW3,16,1,blue tang,0.0305,3,blue tang,39,39,0.817,HerDet,BtPlDw
Acanthurus coeruleus,5/23/16,H2,6,1,tang,0.0305,3,blue tang,39,39,0.817,HerDet,BtPlDw
Acanthurus coeruleus,5/23/16,H2,6,1,blue tang,0.0305,3,blue tang,39,39,0.817,HerDet,BtPlDw
Acanthurus coeruleus,3/1/22,LH4,20,1,tang,0.0305,3,blue tang,39,39,0.817,HerDet,BtPlDw
Acanthurus coeruleus,3/1/22,LH4,20,1,blue tang,0.0305,3,blue tang,39,39,0.817,HerDet,BtPlDw
Acanthurus coeruleus,8/1/11,18,5.28,2,tang,0.0305,3,blue tang,39,39,0.817,HerDet,BtPlDw
Acanthurus coeruleus,8/1/11,18,5.28,2,blue tang,0.0305,3,blue tang,39,39,0.817,HerDet,BtPlDw
Acanthurus coeruleus,5/5/16,2b,9,1,tang,0.0305,3,blue tang,39,39,0.817,HerDet,BtPlDw
Acanthurus coeruleus,5/5/16,2b,9,1,blue tang,0.0305,3,blue tang,39,39,0.817,HerDet,BtPlDw
Acanthurus coeruleus,3/2/22,LH4,18,1,tang,0.0305,3,blue tang,39,39,0.817,HerDet,BtPlDw
Acanthurus coeruleus,3/2/22,LH4,18,1,blue tang,0.0305,3,blue tang,39,39,0.817,HerDet,BtPlDw
Acanthurus coeruleus,5/5/16,4c,5,1,tang,0.0305,3,blue tang,39,39,0.817,HerDet,BtPlDw
Acanthurus coeruleus,5/5/16,4c,5,1,blue tang,0.0305,3,blue tang,39,39,0.817,HerDet,BtPlDw
Acanthurus coeruleus,4/21/23,LH6,12,1,tang,0.0305,3,blue tang,39,39,0.817,HerDet,BtPlDw
Acanthurus coeruleus,4/21/23,LH6,12,1,blue tang,0.0305,3,blue tang,39,39,0.817,HerDet,BtPlDw
Acanthurus coeruleus,7/2/23,LH5,5,1,tang,0.0305,3,blue tang,39,39,0.817,HerDet,BtPlDw
Acanthurus coeruleus,7/2/23,LH5,5,1,blue tang,0.0305,3,blue tang,39,39,0.817,HerDet,BtPlDw
Acanthurus coeruleus,1/13/10,14,9.24,1,tang,0.0305,3,blue tang,39,39,0.817,HerDet,BtPlDw
Acanthurus coeruleus,1/13/10,14,9.24,1,blue tang,0.0305,3,blue tang,39,39,0.817,HerDet,BtPlDw
Acanthurus coeruleus,6/17/18,HCR2-Busted,16,1,tang,0.0305,3,blue tang,39,39,0.817,HerDet,BtPlDw
Acanthurus coeruleus,6/17/18,HCR2-Busted,16,1,blue tang,0.0305,3,blue tang,39,39,0.817,HerDet,BtPlDw
Acanthurus coeruleus,5/7/16,4c,5,1,tang,0.0305,3,blue tang,39,39,0.817,HerDet,BtPlDw
Acanthurus coeruleus,5/7/16,4c,5,1,blue tang,0.0305,3,blue tang,39,39,0.817,HerDet,BtPlDw
Acanthurus coeruleus,5/11/16,4c,6,1,tang,0.0305,3,blue tang,39,39,0.817,HerDet,BtPlDw
Acanthurus coeruleus,5/11/16,4c,6,1,blue tang,0.0305,3,blue tang,39,39,0.817,HerDet,BtPlDw
Acanthurus coeruleus,5/24/17,LH1,9,3,tang,0.0305,3,blue tang,39,39,0.817,HerDet,BtPlDw
Acanthurus coeruleus,5/24/17,LH1,9,3,blue tang,0.0305,3,blue tang,39,39,0.817,HerDet,BtPlDw
Acanthurus coeruleus,3/14/10,5,6.6,1,tang,0.0305,3,blue tang,39,39,0.817,HerDet,BtPlDw
Acanthurus coeruleus,3/14/10,5,6.6,1,blue tang,0.0305,3,blue tang,39,39,0.817,HerDet,BtPlDw
Acanthurus coeruleus,12/24/22,LH4,18,1,tang,0.0305,3,blue tang,39,39,0.817,HerDet,BtPlDw
Acanthurus coeruleus,12/24/22,LH4,18,1,blue tang,0.0305,3,blue tang,39,39,0.817,HerDet,BtPlDw
Acanthurus coeruleus,8/1/11,17,3.96,1,tang,0.0305,3,blue tang,39,39,0.817,HerDet,BtPlDw
Acanthurus coeruleus,8/1/11,17,3.96,1,blue tang,0.0305,3,blue tang,39,39,0.817,HerDet,BtPlDw
Acanthurus coeruleus,8/1/11,9,5.28,1,tang,0.0305,3,blue tang,39,39,0.817,HerDet,BtPlDw
Acanthurus coeruleus,8/1/11,9,5.28,1,blue tang,0.0305,3,blue tang,39,39,0.817,HerDet,BtPlDw
Acanthurus coeruleus,4/29/10,14,15.84,1,tang,0.0305,3,blue tang,39,39,0.817,HerDet,BtPlDw
Acanthurus coeruleus,4/29/10,14,15.84,1,blue tang,0.0305,3,blue tang,39,39,0.817,HerDet,BtPlDw
Acanthurus coeruleus,3/14/10,8,14.52,1,tang,0.0305,3,blue tang,39,39,0.817,HerDet,BtPlDw
Acanthurus coeruleus,3/14/10,8,14.52,1,blue tang,0.0305,3,blue tang,39,39,0.817,HerDet,BtPlDw
Acanthurus coeruleus,2/28/22,LH2,13,1,tang,0.0305,3,blue tang,39,39,0.817,HerDet,BtPlDw
Acanthurus coeruleus,2/28/22,LH2,13,1,blue tang,0.0305,3,blue tang,39,39,0.817,HerDet,BtPlDw
Acanthurus coeruleus,5/16/22,LH2,14,1,tang,0.0305,3,blue tang,39,39,0.817,HerDet,BtPlDw
Acanthurus coeruleus,5/16/22,LH2,14,1,blue tang,0.0305,3,blue tang,39,39,0.817,HerDet,BtPlDw
Acanthurus coeruleus,12/10/10,9,5.28,1,tang,0.0305,3,blue tang,39,39,0.817,HerDet,BtPlDw
Acanthurus coeruleus,12/10/10,9,5.28,1,blue tang,0.0305,3,blue tang,39,39,0.817,HerDet,BtPlDw
Acanthurus coeruleus,7/2/23,LH5,4,1,tang,0.0305,3,blue tang,39,39,0.817,HerDet,BtPlDw
Acanthurus coeruleus,7/2/23,LH5,4,1,blue tang,0.0305,3,blue tang,39,39,0.817,HerDet,BtPlDw
Acanthurus coeruleus,5/7/16,1d,4,1,tang,0.0305,3,blue tang,39,39,0.817,HerDet,BtPlDw
Acanthurus coeruleus,5/7/16,1d,4,1,blue tang,0.0305,3,blue tang,39,39,0.817,HerDet,BtPlDw
Acanthurus coeruleus,12/31/22,LH4,19,1,tang,0.0305,3,blue tang,39,39,0.817,HerDet,BtPlDw
Acanthurus coeruleus,12/31/22,LH4,19,1,blue tang,0.0305,3,blue tang,39,39,0.817,HerDet,BtPlDw
Acanthurus coeruleus,5/16/22,LH4,12,1,tang,0.0305,3,blue tang,39,39,0.817,HerDet,BtPlDw
Acanthurus coeruleus,5/16/22,LH4,12,1,blue tang,0.0305,3,blue tang,39,39,0.817,HerDet,BtPlDw
Acanthurus coeruleus,12/20/21,LH4,14,1,tang,0.0305,3,blue tang,39,39,0.817,HerDet,BtPlDw
Acanthurus coeruleus,12/20/21,LH4,14,1,blue tang,0.0305,3,blue tang,39,39,0.817,HerDet,BtPlDw
Acanthurus coeruleus,12/31/22,LH1,14,1,tang,0.0305,3,blue tang,39,39,0.817,HerDet,BtPlDw
Acanthurus coeruleus,12/31/22,LH1,14,1,blue tang,0.0305,3,blue tang,39,39,0.817,HerDet,BtPlDw
Acanthurus coeruleus,12/24/22,LH4,12,1,tang,0.0305,3,blue tang,39,39,0.817,HerDet,BtPlDw
Acanthurus coeruleus,12/24/22,LH4,12,1,blue tang,0.0305,3,blue tang,39,39,0.817,HerDet,BtPlDw
Acanthurus coeruleus,4/29/10,19,9.24,1,tang,0.0305,3,blue tang,39,39,0.817,HerDet,BtPlDw
Acanthurus coeruleus,4/29/10,19,9.24,1,blue tang,0.0305,3,blue tang,39,39,0.817,HerDet,BtPlDw
Acanthurus coeruleus,2/28/22,LH2,12,1,tang,0.0305,3,blue tang,39,39,0.817,HerDet,BtPlDw
Acanthurus coeruleus,2/28/22,LH2,12,1,blue tang,0.0305,3,blue tang,39,39,0.817,HerDet,BtPlDw
Acanthurus coeruleus,12/31/22,LH2,17,1,tang,0.0305,3,blue tang,39,39,0.817,HerDet,BtPlDw
Acanthurus coeruleus,12/31/22,LH2,17,1,blue tang,0.0305,3,blue tang,39,39,0.817,HerDet,BtPlDw
Acanthurus coeruleus,8/15/10,20,5.28,1,tang,0.0305,3,blue tang,39,39,0.817,HerDet,BtPlDw
Acanthurus coeruleus,8/15/10,20,5.28,1,blue tang,0.0305,3,blue tang,39,39,0.817,HerDet,BtPlDw
Acanthurus coeruleus,5/4/23,LH4,16,1,tang,0.0305,3,blue tang,39,39,0.817,HerDet,BtPlDw
Acanthurus coeruleus,5/4/23,LH4,16,1,blue tang,0.0305,3,blue tang,39,39,0.817,HerDet,BtPlDw
Acanthurus coeruleus,3/2/22,LH4,20,1,tang,0.0305,3,blue tang,39,39,0.817,HerDet,BtPlDw
Acanthurus coeruleus,3/2/22,LH4,20,1,blue tang,0.0305,3,blue tang,39,39,0.817,HerDet,BtPlDw
Acanthurus coeruleus,6/19/18,H8,10,2,tang,0.0305,3,blue tang,39,39,0.817,HerDet,BtPlDw
Acanthurus coeruleus,6/19/18,H8,10,2,blue tang,0.0305,3,blue tang,39,39,0.817,HerDet,BtPlDw
Acanthurus coeruleus,8/1/11,13,5.28,1,tang,0.0305,3,blue tang,39,39,0.817,HerDet,BtPlDw
Acanthurus coeruleus,8/1/11,13,5.28,1,blue tang,0.0305,3,blue tang,39,39,0.817,HerDet,BtPlDw
Acanthurus coeruleus,12/10/10,5,5.28,2,tang,0.0305,3,blue tang,39,39,0.817,HerDet,BtPlDw
Acanthurus coeruleus,12/10/10,5,5.28,2,blue tang,0.0305,3,blue tang,39,39,0.817,HerDet,BtPlDw
Acanthurus coeruleus,8/15/10,20,18.48,1,tang,0.0305,3,blue tang,39,39,0.817,HerDet,BtPlDw
Acanthurus coeruleus,8/15/10,20,18.48,1,blue tang,0.0305,3,blue tang,39,39,0.817,HerDet,BtPlDw
Acanthurus coeruleus,6/15/18,H1,4,1,tang,0.0305,3,blue tang,39,39,0.817,HerDet,BtPlDw
Acanthurus coeruleus,6/15/18,H1,4,1,blue tang,0.0305,3,blue tang,39,39,0.817,HerDet,BtPlDw
Acanthurus coeruleus,6/13/19,2c,4,1,tang,0.0305,3,blue tang,39,39,0.817,HerDet,BtPlDw
Acanthurus coeruleus,6/13/19,2c,4,1,blue tang,0.0305,3,blue tang,39,39,0.817,HerDet,BtPlDw
Acanthurus coeruleus,4/21/23,LH5,14,1,tang,0.0305,3,blue tang,39,39,0.817,HerDet,BtPlDw
Acanthurus coeruleus,4/21/23,LH5,14,1,blue tang,0.0305,3,blue tang,39,39,0.817,HerDet,BtPlDw
Acanthurus coeruleus,5/20/18,MOW2,15,1,tang,0.0305,3,blue tang,39,39,0.817,HerDet,BtPlDw
Acanthurus coeruleus,5/20/18,MOW2,15,1,blue tang,0.0305,3,blue tang,39,39,0.817,HerDet,BtPlDw
Acanthurus coeruleus,5/26/13,1d,9,1,tang,0.0305,3,blue tang,39,39,0.817,HerDet,BtPlDw
Acanthurus coeruleus,5/26/13,1d,9,1,blue tang,0.0305,3,blue tang,39,39,0.817,HerDet,BtPlDw
Acanthurus coeruleus,5/23/10,20,3.96,1,tang,0.0305,3,blue tang,39,39,0.817,HerDet,BtPlDw
Acanthurus coeruleus,5/23/10,20,3.96,1,blue tang,0.0305,3,blue tang,39,39,0.817,HerDet,BtPlDw
Acanthurus coeruleus,5/21/16,H8,4,1,tang,0.0305,3,blue tang,39,39,0.817,HerDet,BtPlDw
Acanthurus coeruleus,5/21/16,H8,4,1,blue tang,0.0305,3,blue tang,39,39,0.817,HerDet,BtPlDw
Acanthurus coeruleus,12/24/22,LH4,13,1,tang,0.0305,3,blue tang,39,39,0.817,HerDet,BtPlDw
Acanthurus coeruleus,12/24/22,LH4,13,1,blue tang,0.0305,3,blue tang,39,39,0.817,HerDet,BtPlDw
Acanthurus coeruleus,5/21/16,H8,7,2,tang,0.0305,3,blue tang,39,39,0.817,HerDet,BtPlDw
Acanthurus coeruleus,5/21/16,H8,7,2,blue tang,0.0305,3,blue tang,39,39,0.817,HerDet,BtPlDw
Acanthurus coeruleus,5/12/16,4c,5,1,tang,0.0305,3,blue tang,39,39,0.817,HerDet,BtPlDw
Acanthurus coeruleus,5/12/16,4c,5,1,blue tang,0.0305,3,blue tang,39,39,0.817,HerDet,BtPlDw
Acanthurus coeruleus,6/17/18,HCR2-Busted,10,1,tang,0.0305,3,blue tang,39,39,0.817,HerDet,BtPlDw
Acanthurus coeruleus,6/17/18,HCR2-Busted,10,1,blue tang,0.0305,3,blue tang,39,39,0.817,HerDet,BtPlDw
Acanthurus coeruleus,5/12/16,2b,15,1,tang,0.0305,3,blue tang,39,39,0.817,HerDet,BtPlDw
Acanthurus coeruleus,5/12/16,2b,15,1,blue tang,0.0305,3,blue tang,39,39,0.817,HerDet,BtPlDw
Acanthurus coeruleus,5/1/11,4,9.24,1,tang,0.0305,3,blue tang,39,39,0.817,HerDet,BtPlDw
Acanthurus coeruleus,5/1/11,4,9.24,1,blue tang,0.0305,3,blue tang,39,39,0.817,HerDet,BtPlDw
Acanthurus coeruleus,5/16/22,LH4,20,1,tang,0.0305,3,blue tang,39,39,0.817,HerDet,BtPlDw
Acanthurus coeruleus,5/16/22,LH4,20,1,blue tang,0.0305,3,blue tang,39,39,0.817,HerDet,BtPlDw
Acanthurus coeruleus,2/28/22,LH4,16,1,tang,0.0305,3,blue tang,39,39,0.817,HerDet,BtPlDw